Date,HomeTeam,AwayTeam,Div,GoalsScoredDifferential,GoalsConcededDifferential,ShotsDifferential,ShotsConcededDifferential,ShotsOnTargetDifferential,ShotsOnTargetConcededDifferential,CornersDifferential,CornersConcededDifferential,_goal_differenceDifferential,_ppgDifferential,_win_percentageDifferential,FTR
2018-08-10,Man United,Leicester,2018-19,0.368421052631579,-1.5263157894736843,4.210526315789474,-5.157894736842106,1.0526315789473677,-1.7894736842105257,1.3684210526315779,-2.7368421052631575,1.8947368421052633,1.4210526315789471,52.631578947368425,H
2018-08-11,Bournemouth,Cardiff,2018-19,0.5394736842105263,-0.1578947368421051,5.118421052631579,-2.2894736842105257,1.1184210526315788,-0.6184210526315788,2.263157894736841,-2.3157894736842097,0.7500000000000004,0.6315789473684209,21.052631578947363,H
2018-08-11,Fulham,Crystal Palace,2018-19,0.25,-0.09210526315789469,0.14473684210526194,-1.2631578947368443,0.3026315789473686,-0.7368421052631575,-0.5921052631578947,-0.9342105263157894,0.3947368421052632,0.3815789473684208,14.473684210526311,A
2018-08-11,Huddersfield,Chelsea,2018-19,-0.8421052631578947,0.1578947368421053,-2.2631578947368407,-1.2105263157894743,-1.736842105263157,0.42105263157894735,1.0526315789473681,-0.3157894736842106,-1.0,-0.5263157894736843,-21.052631578947366,A
2018-08-11,Newcastle,Tottenham,2018-19,-0.6842105263157894,-0.1578947368421052,-2.3684210526315788,1.7894736842105274,-1.3684210526315792,0.05263157894736903,-1.052631578947369,0.3157894736842106,-0.5263157894736843,-0.3157894736842106,-10.526315789473685,A
2018-08-11,Watford,Brighton,2018-19,0.8947368421052629,0.10526315789473673,3.684210526315791,-5.421052631578949,1.210526315789473,-0.6842105263157894,1.210526315789473,-2.0,0.7894736842105264,0.8421052631578945,26.315789473684205,H
2018-08-11,Wolves,Everton,2018-19,0.25,-0.513157894736842,2.092105263157894,-3.631578947368423,0.19736842105263186,-1.1052631578947363,1.3026315789473686,-0.9342105263157894,0.8157894736842106,0.5394736842105261,19.73684210526315,D
2018-08-12,Arsenal,Man City,2018-19,0.47368421052631593,0.36842105263157887,1.3684210526315788,2.7894736842105257,1.9473684210526292,1.210526315789473,-0.7368421052631575,2.0000000000000004,0.10526315789473695,-0.1578947368421053,-5.263157894736835,A
2018-08-12,Liverpool,West Ham,2018-19,1.1052631578947367,-1.6842105263157898,10.368421052631579,-11.421052631578949,3.4736842105263164,-4.105263157894736,3.4736842105263155,-3.5789473684210527,2.7894736842105265,1.4736842105263157,47.368421052631575,H
2018-08-12,Southampton,Burnley,2018-19,0.0,0.21052631578947367,4.210526315789474,-4.0,0.8421052631578942,-0.5263157894736845,2.736842105263157,-2.1578947368421053,-0.21052631578947373,-0.4736842105263157,-15.789473684210524,D
2018-08-18,Cardiff,Newcastle,2018-19,0.14473684210526305,-0.19736842105263186,-0.7500000000000018,-1.526315789473685,-0.6973684210526314,-0.5789473684210522,0.5131578947368416,-1.723684210526315,0.39473684210526333,0.48684210526315774,14.473684210526311,D
2018-08-18,Chelsea,Arsenal,2018-19,0.5263157894736845,-0.7894736842105263,5.578947368421057,-3.6842105263157876,2.3684210526315796,-1.473684210526316,2.8947368421052637,-0.8421052631578951,1.3157894736842106,1.1052631578947374,36.842105263157904,H
2018-08-18,Everton,Southampton,2018-19,0.5789473684210525,-0.42105263157894757,-0.526315789473685,-1.526315789473685,-0.42105263157894735,-0.7894736842105257,-1.1052631578947363,-0.6842105263157894,0.9999999999999999,0.8947368421052633,36.84210526315789,H
2018-08-18,Leicester,Wolves,2018-19,0.48684210526315796,-0.5789473684210527,3.0131578947368425,-4.394736842105262,0.75,-1.460526315789474,2.105263157894736,-2.052631578947368,1.1184210526315792,0.6842105263157893,21.052631578947363,H
2018-08-18,Tottenham,Fulham,2018-19,1.276315789473684,-0.8947368421052633,9.644736842105262,-6.7631578947368425,3.1184210526315788,-1.8289473684210527,3.736842105263157,-2.9999999999999996,2.223684210526316,1.5263157894736845,52.63157894736842,H
2018-08-18,West Ham,Bournemouth,2018-19,0.26315789473684204,-0.26315789473684204,0.5789473684210531,-3.578947368421053,-0.6315789473684212,-0.8947368421052628,-0.526315789473685,-2.6315789473684204,0.5263157894736841,0.4736842105263155,15.789473684210524,A
2018-08-19,Brighton,Man United,2018-19,-0.31578947368421084,0.3157894736842106,-1.1052631578947345,-0.8947368421052637,-0.8947368421052633,0.31578947368420973,-0.6842105263157903,-0.10526315789473717,-0.6315789473684211,-0.26315789473684226,-15.789473684210527,H
2018-08-19,Burnley,Watford,2018-19,-0.052631578947368474,-0.8421052631578948,0.1578947368421062,3.105263157894738,0.2105263157894739,0.05263157894736814,0.3157894736842106,0.21052631578947523,0.7894736842105264,0.6315789473684209,15.789473684210524,A
2018-08-19,Man City,Huddersfield,2018-19,2.578947368421053,-1.0,10.21052631578947,-7.8421052631578965,5.0,-2.5263157894736845,3.947368421052631,-4.157894736842105,3.578947368421053,1.8947368421052628,68.42105263157895,H
2018-08-20,Crystal Palace,Liverpool,2018-19,-0.5263157894736843,-0.052631578947368585,-0.7368421052631575,2.2105263157894743,-0.36842105263157787,0.7894736842105265,0.4210526315789478,1.6842105263157894,-0.473684210526316,-0.3157894736842106,-10.526315789473685,A
2018-08-25,Arsenal,West Ham,2018-19,1.5789473684210527,-1.1578947368421055,9.526315789473685,-7.894736842105264,4.105263157894736,-2.368421052631579,3.368421052631579,-1.8947368421052628,2.7368421052631584,1.6842105263157892,63.1578947368421,H
2018-08-25,Bournemouth,Everton,2018-19,0.5263157894736843,-0.3157894736842102,5.052631578947368,-2.3684210526315788,1.0526315789473686,-0.8947368421052628,2.4210526315789473,-1.526315789473684,0.8421052631578948,0.5789473684210524,21.052631578947363,D
2018-08-25,Huddersfield,Cardiff,2018-19,0.013157894736842035,-0.42105263157894735,1.9605263157894743,-5.973684210526317,-0.3026315789473677,-1.0394736842105265,1.5789473684210518,-2.3684210526315788,0.48684210526315813,0.4736842105263158,15.789473684210526,D
2018-08-25,Liverpool,Brighton,2018-19,1.8421052631578947,-1.0,10.157894736842106,-10.210526315789476,4.631578947368421,-3.0,3.210526315789473,-3.5789473684210527,2.8421052631578947,1.6842105263157894,52.63157894736842,H
2018-08-25,Southampton,Leicester,2018-19,-0.5789473684210527,-0.631578947368421,3.0,-2.684210526315791,0.210526315789473,-1.3157894736842102,1.7894736842105248,-2.0,0.05263157894736836,-0.05263157894736836,-5.2631578947368425,A
2018-08-25,Wolves,Man City,2018-19,-1.276315789473684,0.6973684210526315,-5.592105263157897,5.263157894736841,-2.3289473684210535,1.7894736842105265,-2.75,2.065789473684211,-1.9210526315789471,-1.3026315789473684,-48.68421052631579,D
2018-08-26,Fulham,Burnley,2018-19,0.03947368421052633,0.2236842105263157,2.0394736842105257,-3.526315789473685,0.25,-0.1578947368421053,1.0921052631578942,-1.8289473684210522,-0.1315789473684209,-0.14473684210526327,-1.3157894736842124,H
2018-08-26,Newcastle,Chelsea,2018-19,-0.5789473684210524,-0.26315789473684215,-1.3684210526315788,0.4736842105263168,-0.8947368421052633,-0.210526315789473,0.05263157894736814,0.3157894736842106,-0.3157894736842104,-0.26315789473684226,-10.526315789473685,A
2018-08-26,Watford,Crystal Palace,2018-19,0.5789473684210524,0.1578947368421053,1.4736842105263168,-2.473684210526317,0.5263157894736836,-0.7368421052631575,-0.47368421052631593,-1.1052631578947372,0.42105263157894746,0.4736842105263155,15.789473684210524,H
2018-08-27,Man United,Tottenham,2018-19,0.21052631578947367,-0.5789473684210527,0.3157894736842124,-0.4210526315789469,-0.21052631578947434,0.05263157894736903,0.7368421052631575,-0.7368421052631575,0.7894736842105263,0.6842105263157892,26.315789473684212,A
2018-09-01,Brighton,Fulham,2018-19,0.4342105263157894,-0.42105263157894735,2.4868421052631593,-2.973684210526317,0.5394736842105261,-0.5131578947368425,0.9473684210526305,-1.5789473684210522,0.9078947368421055,0.7894736842105262,21.052631578947363,D
2018-09-01,Chelsea,Bournemouth,2018-19,0.5789473684210529,-0.7894736842105263,8.210526315789478,-6.631578947368421,2.947368421052632,-2.1578947368421053,2.3684210526315788,-3.0526315789473686,1.368421052631579,1.0000000000000004,36.842105263157904,H
2018-09-01,Crystal Palace,Southampton,2018-19,0.6315789473684211,-0.15789473684210575,3.5789473684210513,-3.3684210526315788,1.2105263157894748,-0.7894736842105257,0.10526315789473717,-0.8421052631578947,0.7894736842105264,0.4736842105263157,21.052631578947363,A
2018-09-01,Everton,Huddersfield,2018-19,0.8421052631578947,-0.5789473684210527,1.8947368421052637,-0.7368421052631593,0.2105263157894739,-0.36842105263157876,0.9473684210526319,-1.4210526315789478,1.4210526315789473,1.0526315789473686,36.84210526315789,D
2018-09-01,Leicester,Liverpool,2018-19,-0.736842105263158,-0.3157894736842104,-2.842105263157894,2.7368421052631593,-1.2105263157894735,0.15789473684210487,0.8421052631578947,1.3157894736842106,-0.42105263157894757,-0.26315789473684226,-10.526315789473685,A
2018-09-01,Man City,Newcastle,2018-19,2.2631578947368425,-0.842105263157895,6.421052631578943,-8.157894736842106,3.7894736842105265,-2.736842105263158,2.842105263157894,-4.263157894736842,3.105263157894737,1.789473684210526,63.157894736842096,H
2018-09-01,West Ham,Wolves,2018-19,0.4342105263157894,-0.368421052631579,2.171052631578947,-3.8684210526315788,0.1710526315789469,-1.1447368421052628,1.1052631578947358,-2.6315789473684204,0.8552631578947371,0.6842105263157893,21.052631578947363,A
2018-09-02,Burnley,Man United,2018-19,-0.7368421052631582,-0.10526315789473684,-1.6315789473684195,0.1578947368421062,-1.1578947368421053,-0.05263157894736903,-0.47368421052631593,0.526315789473685,-0.631578947368421,-0.42105263157894757,-15.789473684210527,A
2018-09-02,Cardiff,Arsenal,2018-19,0.03947368421052633,-0.25,-2.0657894736842106,-0.3157894736842106,-1.1184210526315783,0.10526315789473717,0.03947368421052655,0.4868421052631584,0.34210526315789486,0.48684210526315774,14.473684210526311,A
2018-09-02,Watford,Tottenham,2018-19,-0.3684210526315792,0.5789473684210527,-1.7368421052631557,1.3157894736842106,-1.4210526315789482,0.8947368421052637,-0.36842105263157965,0.1578947368421053,-0.9473684210526315,-0.3684210526315792,-15.789473684210527,H
2018-09-15,Bournemouth,Leicester,2018-19,-0.26315789473684204,-0.4210526315789471,3.7894736842105257,-0.9473684210526319,0.4736842105263155,-0.7368421052631575,1.2631578947368407,-2.2631578947368416,0.1578947368421054,0.3157894736842104,10.526315789473681,H
2018-09-15,Chelsea,Cardiff,2018-19,0.7500000000000002,-0.8947368421052633,9.802631578947372,-6.921052631578947,3.75,-2.4078947368421053,3.9999999999999996,-3.0526315789473686,1.6973684210526319,1.2105263157894743,42.10526315789474,H
2018-09-15,Huddersfield,Crystal Palace,2018-19,0.0,-0.1578947368421051,-0.05263157894736814,-3.684210526315791,-0.26315789473684115,-0.9473684210526319,-0.1578947368421053,-1.578947368421053,0.15789473684210514,0.26315789473684204,10.526315789473685,A
2018-09-15,Man City,Fulham,2018-19,2.3815789473684212,-1.0,9.32894736842105,-10.184210526315791,4.75,-2.986842105263158,3.4736842105263146,-4.263157894736842,3.43421052631579,1.8947368421052628,68.42105263157895,H
2018-09-15,Newcastle,Arsenal,2018-19,0.052631578947368585,-0.7368421052631579,-1.3684210526315788,-1.0526315789473664,-0.8421052631578942,-0.7368421052631575,-0.5263157894736841,0.47368421052631593,0.7894736842105263,0.631578947368421,21.052631578947366,A
2018-09-15,Tottenham,Liverpool,2018-19,0.05263157894736814,-0.631578947368421,3.7894736842105257,0.36842105263157876,1.1578947368421053,-0.2105263157894739,2.473684210526316,0.3684210526315792,0.6842105263157892,0.5789473684210531,21.05263157894737,A
2018-09-15,Watford,Man United,2018-19,-0.15789473684210575,0.631578947368421,-0.1052631578947345,-2.6842105263157894,-0.9473684210526323,0.0,-0.36842105263157965,-0.4210526315789478,-0.7894736842105262,-0.3684210526315792,-15.789473684210527,A
2018-09-16,Everton,West Ham,2018-19,0.21052631578947367,-1.0526315789473686,1.421052631578947,-4.947368421052632,-0.4736842105263155,-1.7894736842105257,0.6842105263157898,-1.6315789473684212,1.2631578947368425,1.0,36.84210526315789,A
2018-09-16,Wolves,Burnley,2018-19,0.03947368421052633,0.2236842105263157,2.0394736842105257,-3.526315789473685,0.25,-0.1578947368421053,1.0921052631578942,-1.8289473684210522,-0.1315789473684209,-0.14473684210526327,-1.3157894736842124,H
2018-09-17,Southampton,Brighton,2018-19,0.5263157894736842,-0.1578947368421053,4.526315789473685,-4.684210526315791,1.5789473684210522,-1.0526315789473686,2.736842105263157,-2.1578947368421053,0.6842105263157894,0.42105263157894735,10.526315789473683,D
2018-09-22,Brighton,Tottenham,2018-19,-0.5263157894736843,0.26315789473684226,-2.7368421052631557,3.1052631578947363,-1.3684210526315792,1.2105263157894735,-0.6842105263157903,0.47368421052631593,-0.7894736842105264,-0.26315789473684226,-15.789473684210527,A
2018-09-22,Burnley,Bournemouth,2018-19,-0.1578947368421053,-0.7368421052631579,0.36842105263158054,-1.6315789473684212,-0.5263157894736841,-0.6315789473684212,-0.47368421052631593,-0.9473684210526301,0.5789473684210527,0.4210526315789471,15.789473684210524,H
2018-09-22,Cardiff,Man City,2018-19,-1.276315789473684,0.6973684210526315,-5.592105263157897,5.263157894736841,-2.3289473684210535,1.7894736842105265,-2.75,2.065789473684211,-1.9210526315789471,-1.3026315789473684,-48.68421052631579,A
2018-09-22,Crystal Palace,Newcastle,2018-19,0.5789473684210527,-0.15789473684210575,2.2105263157894726,-2.894736842105262,0.6315789473684221,-0.5789473684210522,1.0526315789473681,-1.6842105263157894,0.7368421052631581,0.5263157894736841,15.789473684210524,D
2018-09-22,Fulham,Watford,2018-19,0.19736842105263153,-0.35526315789473695,0.3552631578947363,1.473684210526315,0.19736842105263186,0.10526315789473717,0.30263157894736814,-0.5657894736842097,0.605263157894737,0.5921052631578946,14.473684210526311,D
2018-09-22,Leicester,Huddersfield,2018-19,0.6842105263157896,-0.5789473684210527,3.8947368421052637,-2.052631578947368,1.0000000000000004,-1.0000000000000004,2.578947368421052,-1.9473684210526319,1.2631578947368423,0.6842105263157893,21.052631578947363,H
2018-09-22,Liverpool,Southampton,2018-19,1.4736842105263155,-1.0526315789473686,8.421052631578947,-8.0,3.5263157894736845,-3.1052631578947363,1.6842105263157894,-2.631578947368421,2.526315789473684,1.368421052631579,47.368421052631575,H
2018-09-22,Man United,Wolves,2018-19,1.1710526315789473,-1.2631578947368423,5.539473684210527,-6.5,1.697368421052631,-1.671052631578947,2.3684210526315783,-2.7894736842105257,2.4868421052631584,1.7368421052631575,63.1578947368421,D
2018-09-23,Arsenal,Everton,2018-19,2.0,-0.8421052631578947,9.05263157894737,-6.105263157894738,4.473684210526315,-1.6842105263157898,3.315789473684211,-1.0,2.8421052631578947,1.6842105263157892,63.1578947368421,H
2018-09-23,West Ham,Chelsea,2018-19,-0.42105263157894735,0.21052631578947367,-2.052631578947368,0.8947368421052637,-1.2631578947368425,0.31578947368421106,0.5789473684210522,-0.5789473684210522,-0.631578947368421,-0.31578947368421084,-15.789473684210527,D
2018-09-29,Arsenal,Watford,2018-19,1.9473684210526314,-0.6842105263157896,7.315789473684212,-1.0,4.473684210526315,-0.4736842105263164,2.3157894736842106,-0.6315789473684204,2.6315789473684212,1.7368421052631575,57.89473684210526,H
2018-09-29,Chelsea,Liverpool,2018-19,-0.4736842105263157,-0.631578947368421,3.9473684210526354,0.21052631578947434,1.7894736842105265,-0.7894736842105265,2.7368421052631584,0.3157894736842102,0.1578947368421051,0.2631578947368427,10.526315789473692,D
2018-09-29,Everton,Fulham,2018-19,0.644736842105263,-0.5789473684210527,1.0131578947368425,-3.078947368421053,-0.03947368421052655,-0.8289473684210522,0.4736842105263155,-1.526315789473684,1.2763157894736845,1.0526315789473686,36.84210526315789,H
2018-09-29,Huddersfield,Tottenham,2018-19,-0.9473684210526316,0.26315789473684226,-3.2631578947368407,0.10526315789473628,-2.210526315789473,0.6842105263157894,-0.05263157894736903,-0.3157894736842106,-1.210526315789474,-0.5789473684210527,-21.052631578947366,A
2018-09-29,Man City,Brighton,2018-19,2.68421052631579,-0.7894736842105264,9.526315789473681,-10.842105263157897,5.473684210526316,-2.842105263157895,3.4210526315789465,-4.368421052631579,3.473684210526316,2.052631578947368,73.68421052631578,H
2018-09-29,Newcastle,Leicester,2018-19,-0.5263157894736841,-1.1052631578947367,1.5263157894736832,-2.947368421052632,-0.10526315789473717,-1.7894736842105257,-0.4210526315789487,-1.6842105263157894,0.5789473684210527,0.42105263157894735,15.789473684210524,A
2018-09-29,West Ham,Man United,2018-19,-0.31578947368421084,0.368421052631579,-1.421052631578947,-1.7894736842105257,-1.2631578947368425,-0.3157894736842106,-0.526315789473685,-1.1578947368421053,-0.6842105263157896,-0.3684210526315792,-15.789473684210527,H
2018-09-29,Wolves,Southampton,2018-19,0.19736842105263153,-0.19736842105263186,0.618421052631577,-2.0000000000000018,-0.11842105263157876,-0.7894736842105257,-0.4342105263157894,-0.8815789473684204,0.4473684210526317,0.4342105263157894,19.73684210526315,H
2018-09-30,Cardiff,Burnley,2018-19,0.03947368421052633,0.2236842105263157,2.0394736842105257,-3.526315789473685,0.25,-0.1578947368421053,1.0921052631578942,-1.8289473684210522,-0.1315789473684209,-0.14473684210526327,-1.3157894736842124,A
2018-10-01,Bournemouth,Crystal Palace,2018-19,0.5263157894736843,0.10526315789473717,3.1052631578947363,0.0,1.1578947368421053,-0.5263157894736841,0.5263157894736841,-1.526315789473684,0.42105263157894746,0.4210526315789471,15.789473684210524,H
2018-10-05,Brighton,West Ham,2018-19,0.0,-0.8947368421052633,2.8947368421052637,-4.842105263157896,0.10526315789473717,-1.473684210526316,1.1578947368421049,-1.6842105263157894,0.8947368421052635,0.7368421052631577,21.052631578947363,H
2018-10-06,Burnley,Huddersfield,2018-19,0.21052631578947367,-0.8421052631578948,2.8421052631578956,0.4210526315789469,0.5263157894736845,-0.4210526315789478,1.6315789473684212,-0.8421052631578938,1.0526315789473686,0.6315789473684209,21.052631578947363,D
2018-10-06,Crystal Palace,Wolves,2018-19,0.6973684210526316,-0.31578947368421084,5.118421052631579,-4.921052631578947,1.5921052631578956,-0.8289473684210522,1.684210526315789,-1.6842105263157894,1.0657894736842108,0.6315789473684209,21.052631578947363,A
2018-10-06,Leicester,Everton,2018-19,0.47368421052631593,-0.7368421052631577,2.947368421052632,-4.473684210526315,0.6842105263157898,-1.736842105263158,2.263157894736842,-1.2631578947368425,1.2105263157894737,0.6315789473684208,21.052631578947363,A
2018-10-06,Man United,Newcastle,2018-19,1.0526315789473684,-1.1052631578947372,2.6315789473684212,-4.473684210526315,0.7368421052631575,-1.421052631578947,1.7368421052631575,-2.7894736842105257,2.1578947368421053,1.6315789473684208,57.89473684210526,H
2018-10-06,Tottenham,Cardiff,2018-19,1.276315789473684,-0.8947368421052633,9.644736842105262,-6.7631578947368425,3.1184210526315788,-1.8289473684210527,3.736842105263157,-2.9999999999999996,2.223684210526316,1.5263157894736845,52.63157894736842,H
2018-10-06,Watford,Bournemouth,2018-19,0.4210526315789471,0.0,1.8947368421052655,-4.473684210526317,-0.31578947368421106,-0.5789473684210522,-0.36842105263157965,-1.8947368421052628,0.42105263157894746,0.4736842105263155,15.789473684210524,A
2018-10-07,Fulham,Arsenal,2018-19,0.03947368421052633,-0.25,-2.0657894736842106,-0.3157894736842106,-1.1184210526315783,0.10526315789473717,0.03947368421052655,0.4868421052631584,0.34210526315789486,0.48684210526315774,14.473684210526311,A
2018-10-07,Liverpool,Man City,2018-19,0.0,-0.1578947368421053,2.2105263157894726,-0.7368421052631584,1.3157894736842097,-0.5263157894736838,-0.6315789473684212,0.3157894736842106,0.1578947368421053,-0.36842105263157876,-21.052631578947363,D
2018-10-07,Southampton,Chelsea,2018-19,-0.631578947368421,0.21052631578947367,0.10526315789473806,0.7368421052631575,-0.5789473684210531,0.2631578947368425,2.2631578947368416,0.0,-0.8421052631578947,-0.736842105263158,-31.57894736842105,A
2018-10-20,Bournemouth,Southampton,2018-19,0.4736842105263158,0.0,3.5789473684210513,-0.7368421052631575,0.736842105263158,-0.5789473684210522,0.6842105263157894,-1.473684210526315,0.47368421052631593,0.4736842105263157,21.052631578947363,D
2018-10-20,Cardiff,Fulham,2018-19,0.26315789473684204,-0.35526315789473695,2.1578947368421044,-3.55263157894737,0.26315789473684204,-0.8289473684210522,1.1447368421052624,-1.723684210526315,0.7236842105263162,0.5921052631578946,19.73684210526315,H
2018-10-20,Chelsea,Man United,2018-19,0.0,-0.1578947368421053,6.210526315789478,-4.842105263157894,2.3157894736842106,-1.578947368421053,2.3684210526315788,-1.5789473684210535,0.1578947368421053,0.15789473684210575,5.26315789473685,D
2018-10-20,Huddersfield,Liverpool,2018-19,-1.210526315789474,-0.1578947368421051,-3.894736842105262,1.1578947368421044,-2.263157894736841,0.5789473684210522,0.3157894736842106,1.0,-1.0526315789473688,-0.4736842105263157,-15.789473684210524,A
2018-10-20,Man City,Burnley,2018-19,2.1578947368421053,-0.42105263157894746,9.21052631578947,-10.157894736842106,4.7368421052631575,-2.315789473684211,3.4210526315789465,-4.368421052631579,2.5789473684210527,1.157894736842105,47.368421052631575,H
2018-10-20,Newcastle,Brighton,2018-19,0.5789473684210528,-0.6315789473684211,3.052631578947368,-4.947368421052632,1.263157894736842,-1.526315789473684,0.5263157894736836,-1.8421052631578947,1.2105263157894737,0.894736842105263,31.578947368421048,A
2018-10-20,West Ham,Tottenham,2018-19,-0.5263157894736843,0.3157894736842106,-3.052631578947368,2.2105263157894743,-1.7368421052631584,0.5789473684210531,-0.526315789473685,-0.5789473684210522,-0.8421052631578949,-0.3684210526315792,-15.789473684210527,A
2018-10-20,Wolves,Watford,2018-19,0.19736842105263153,-0.35526315789473695,0.3552631578947363,1.473684210526315,0.19736842105263186,0.10526315789473717,0.30263157894736814,-0.5657894736842097,0.605263157894737,0.5921052631578946,14.473684210526311,A
2018-10-21,Everton,Crystal Palace,2018-19,0.631578947368421,-0.3157894736842104,-1.0,-0.7894736842105274,0.0,-0.7368421052631575,-1.2631578947368416,-0.7368421052631584,0.9473684210526314,0.8421052631578947,31.57894736842105,H
2018-10-22,Arsenal,Leicester,2018-19,1.2105263157894737,-0.9473684210526316,7.789473684210527,-4.684210526315791,3.8947368421052615,-1.5263157894736845,2.1578947368421044,-1.7368421052631575,2.1578947368421053,1.4210526315789471,52.631578947368425,H
2018-10-27,Brighton,Wolves,2018-19,0.4342105263157894,-0.42105263157894735,2.4868421052631593,-2.973684210526317,0.5394736842105261,-0.5131578947368425,0.9473684210526305,-1.5789473684210522,0.9078947368421055,0.7894736842105262,21.052631578947363,H
2018-10-27,Fulham,Bournemouth,2018-19,0.09210526315789469,-0.25,0.5657894736842106,-3.2631578947368443,-0.5394736842105261,-0.5789473684210522,-0.4868421052631584,-1.723684210526315,0.3947368421052632,0.3815789473684208,14.473684210526311,A
2018-10-27,Leicester,West Ham,2018-19,0.052631578947368585,-1.0526315789473686,3.421052631578947,-6.263157894736841,0.31578947368421106,-2.4210526315789473,2.31578947368421,-2.1578947368421053,1.1052631578947372,0.6315789473684208,21.052631578947363,D
2018-10-27,Liverpool,Cardiff,2018-19,1.539473684210526,-1.210526315789474,9.960526315789474,-9.55263157894737,3.9078947368421053,-3.144736842105263,3.263157894736841,-3.4736842105263155,2.8026315789473686,1.526315789473684,47.368421052631575,H
2018-10-27,Southampton,Newcastle,2018-19,0.10526315789473673,-0.2105263157894739,1.421052631578947,-2.0,-0.10526315789473717,-0.9473684210526314,2.1578947368421044,-2.052631578947368,0.3157894736842105,0.1578947368421053,0.0,D
2018-10-27,Watford,Huddersfield,2018-19,0.7894736842105261,-0.10526315789473695,4.3684210526315805,-2.4210526315789487,0.7368421052631575,-0.36842105263157876,1.7368421052631575,-1.7894736842105265,0.8947368421052634,0.6842105263157893,21.052631578947363,H
2018-10-28,Burnley,Chelsea,2018-19,-0.8421052631578947,-0.26315789473684215,-2.2631578947368407,2.8421052631578956,-1.1578947368421053,0.5789473684210527,0.6315789473684212,1.105263157894738,-0.5789473684210524,-0.3684210526315792,-15.789473684210527,A
2018-10-28,Crystal Palace,Arsenal,2018-19,0.47368421052631593,-0.2105263157894739,0.8947368421052637,-1.6842105263157876,0.21052631578947523,0.10526315789473717,0.5789473684210531,0.5263157894736841,0.6842105263157896,0.5263157894736841,15.789473684210524,D
2018-10-28,Man United,Everton,2018-19,1.1578947368421053,-1.4210526315789473,5.473684210526317,-6.578947368421053,1.6315789473684208,-1.947368421052631,2.5263157894736845,-2.0,2.5789473684210527,1.6842105263157892,63.1578947368421,H
2018-10-29,Tottenham,Man City,2018-19,-0.26315789473684204,0.1578947368421052,1.8947368421052602,2.052631578947368,0.5263157894736832,0.7894736842105261,-0.1578947368421053,0.7894736842105265,-0.42105263157894735,-0.3684210526315783,-15.78947368421052,A
2018-11-03,Arsenal,Liverpool,2018-19,0.7894736842105261,-0.42105263157894735,3.2631578947368443,1.1052631578947363,2.5789473684210513,0.210526315789473,1.8947368421052637,1.578947368421053,1.2105263157894735,0.7894736842105261,31.578947368421055,D
2018-11-03,Bournemouth,Man United,2018-19,-0.2105263157894739,0.5789473684210529,1.526315789473685,-0.21052631578947256,-0.3157894736842106,0.21052631578947345,0.6315789473684204,-0.8421052631578947,-0.7894736842105262,-0.42105263157894757,-15.789473684210527,A
2018-11-03,Cardiff,Leicester,2018-19,-0.5394736842105263,-0.618421052631579,0.8289473684210513,-2.210526315789476,-0.38157894736842124,-0.947368421052631,0.14473684210526194,-1.671052631578947,0.13157894736842118,0.27631578947368407,9.210526315789469,A
2018-11-03,Everton,Brighton,2018-19,0.9473684210526315,-0.368421052631579,1.2105263157894743,-3.7368421052631593,0.6842105263157894,-0.6842105263157894,0.42105263157894735,-1.6315789473684212,1.3157894736842104,1.2105263157894737,42.10526315789473,H
2018-11-03,Newcastle,Watford,2018-19,0.21052631578947378,-0.8421052631578948,1.0526315789473681,0.7368421052631593,0.47368421052631593,-0.7368421052631575,-0.2631578947368425,-0.5789473684210522,1.0526315789473686,0.7368421052631579,21.052631578947366,H
2018-11-03,West Ham,Burnley,2018-19,0.21052631578947367,0.21052631578947367,2.052631578947368,-3.842105263157894,0.15789473684210487,-0.47368421052631593,1.0526315789473677,-2.7368421052631575,0.0,-0.052631578947368585,0.0,H
2018-11-03,Wolves,Tottenham,2018-19,-0.6973684210526316,0.32894736842105265,-3.0657894736842106,2.526315789473683,-1.6447368421052633,0.8947368421052637,-0.4868421052631584,0.3289473684210531,-0.9736842105263157,-0.4605263157894739,-17.10526315789474,A
2018-11-04,Chelsea,Crystal Palace,2018-19,0.7368421052631582,-0.631578947368421,7.789473684210529,-4.631578947368421,3.7894736842105265,-2.3157894736842106,2.2631578947368425,-2.263157894736843,1.368421052631579,1.0000000000000004,36.842105263157904,H
2018-11-04,Man City,Southampton,2018-19,2.3157894736842106,-0.842105263157895,7.789473684210522,-8.631578947368421,4.368421052631579,-2.9473684210526314,1.8947368421052628,-3.421052631578947,3.1578947368421053,1.7368421052631577,68.42105263157895,H
2018-11-05,Huddersfield,Fulham,2018-19,0.013157894736842035,-0.42105263157894735,1.9605263157894743,-5.973684210526317,-0.3026315789473677,-1.0394736842105265,1.5789473684210518,-2.3684210526315788,0.48684210526315813,0.4736842105263158,15.789473684210526,H
2018-11-10,Cardiff,Brighton,2018-19,0.5657894736842105,-0.14473684210526327,2.3552631578947363,-4.210526315789476,0.986842105263158,-0.6842105263157894,1.0921052631578942,-1.8289473684210522,0.7631578947368423,0.7499999999999998,24.999999999999993,H
2018-11-10,Crystal Palace,Tottenham,2018-19,-0.26315789473684204,0.36842105263157876,-0.10526315789473628,1.1578947368421062,-0.31578947368420973,0.8947368421052637,0.05263157894736814,0.36842105263157876,-0.631578947368421,-0.42105263157894757,-15.789473684210527,A
2018-11-10,Huddersfield,West Ham,2018-19,-0.42105263157894735,-0.8947368421052633,2.3684210526315788,-7.842105263157896,-0.7368421052631566,-2.0,1.789473684210526,-2.473684210526316,0.4736842105263161,0.42105263157894735,15.789473684210526,D
2018-11-10,Leicester,Burnley,2018-19,0.26315789473684226,0.0,2.8947368421052637,-4.368421052631577,0.736842105263158,-0.789473684210527,2.0526315789473677,-2.1578947368421053,0.2631578947368422,-0.052631578947368585,0.0,D
2018-11-10,Newcastle,Bournemouth,2018-19,0.10526315789473695,-0.7368421052631579,1.2631578947368425,-4.0,-0.26315789473684204,-1.421052631578947,-1.052631578947369,-1.7368421052631575,0.8421052631578947,0.5263157894736841,21.052631578947366,H
2018-11-10,Southampton,Watford,2018-19,0.1578947368421052,-0.368421052631579,2.526315789473685,1.0,0.7894736842105261,-0.26315789473684204,1.947368421052631,-0.8947368421052628,0.5263157894736842,0.26315789473684215,0.0,D
2018-11-11,Arsenal,Wolves,2018-19,2.013157894736842,-0.6842105263157896,9.11842105263158,-6.026315789473685,4.539473684210525,-1.4078947368421058,3.157894736842105,-1.7894736842105257,2.7500000000000004,1.7368421052631575,63.1578947368421,D
2018-11-11,Chelsea,Everton,2018-19,0.7368421052631582,-1.0526315789473684,9.736842105263161,-7.0,3.68421052631579,-2.6842105263157894,4.157894736842106,-2.263157894736843,1.7894736842105263,1.1578947368421058,42.10526315789474,D
2018-11-11,Liverpool,Fulham,2018-19,1.539473684210526,-1.210526315789474,9.960526315789474,-9.55263157894737,3.9078947368421053,-3.144736842105263,3.263157894736841,-3.4736842105263155,2.8026315789473686,1.526315789473684,47.368421052631575,H
2018-11-11,Man City,Man United,2018-19,1.631578947368421,-0.26315789473684215,5.736842105263156,-8.105263157894736,3.3157894736842106,-2.1578947368421058,1.8421052631578938,-2.7894736842105265,1.8947368421052633,0.8421052631578945,31.578947368421048,H
2018-11-24,Brighton,Leicester,2018-19,-0.368421052631579,-0.6842105263157894,1.1578947368421062,-1.631578947368423,-0.10526315789473717,-0.6315789473684212,-0.05263157894736992,-1.526315789473684,0.3157894736842105,0.4736842105263157,10.526315789473681,D
2018-11-24,Everton,Cardiff,2018-19,0.644736842105263,-0.5789473684210527,1.0131578947368425,-3.078947368421053,-0.03947368421052655,-0.8289473684210522,0.4736842105263155,-1.526315789473684,1.2763157894736845,1.0526315789473686,36.84210526315789,H
2018-11-24,Fulham,Southampton,2018-19,0.19736842105263153,-0.19736842105263186,0.618421052631577,-2.0000000000000018,-0.11842105263157876,-0.7894736842105257,-0.4342105263157894,-0.8815789473684204,0.4473684210526317,0.4342105263157894,19.73684210526315,H
2018-11-24,Man United,Crystal Palace,2018-19,1.1578947368421053,-1.0,3.526315789473685,-4.210526315789474,1.7368421052631575,-1.5789473684210522,0.6315789473684212,-2.0,2.1578947368421053,1.5263157894736838,57.89473684210526,D
2018-11-24,Tottenham,Chelsea,2018-19,0.42105263157894735,-0.3157894736842106,5.421052631578947,-2.0,1.6842105263157894,-0.36842105263157876,3.2105263157894735,-0.9473684210526314,0.736842105263158,0.5263157894736845,15.789473684210527,H
2018-11-24,Watford,Liverpool,2018-19,-0.6315789473684215,0.1578947368421053,-2.368421052631577,2.3684210526315788,-1.4736842105263164,0.7894736842105265,0.0,1.473684210526316,-0.7894736842105264,-0.26315789473684226,-10.526315789473685,A
2018-11-24,West Ham,Man City,2018-19,-1.1052631578947367,0.6842105263157895,-5.578947368421055,4.947368421052632,-2.4210526315789487,1.473684210526316,-2.7894736842105265,1.1578947368421058,-1.7894736842105263,-1.2105263157894737,-47.368421052631575,A
2018-11-25,Bournemouth,Arsenal,2018-19,0.3157894736842106,-0.05263157894736814,0.8947368421052637,0.9473684210526336,-0.2631578947368416,0.3157894736842106,1.1578947368421053,-0.10526315789473628,0.3684210526315791,0.5263157894736841,15.789473684210524,A
2018-11-25,Wolves,Huddersfield,2018-19,0.4605263157894737,-0.35526315789473695,3.0394736842105257,-1.2105263157894761,0.5131578947368425,-0.36842105263157876,1.6184210526315788,-1.6184210526315788,0.8684210526315792,0.5921052631578946,19.73684210526315,A
2018-11-26,Burnley,Newcastle,2018-19,-0.10526315789473695,-0.6842105263157897,-0.9473684210526319,0.10526315789473806,-0.6842105263157894,-0.6315789473684212,0.5263157894736841,-0.9473684210526301,0.5789473684210528,0.5263157894736841,15.789473684210524,A
2018-11-30,Cardiff,Wolves,2018-19,0.26315789473684204,-0.35526315789473695,2.1578947368421044,-3.55263157894737,0.26315789473684204,-0.8289473684210522,1.1447368421052624,-1.723684210526315,0.7236842105263162,0.5921052631578946,19.73684210526315,H
2018-12-01,Crystal Palace,Burnley,2018-19,0.47368421052631593,0.2631578947368418,5.0,-4.894736842105262,1.5789473684210535,-0.1578947368421053,1.6315789473684208,-1.7894736842105265,0.2105263157894738,-0.10526315789473695,0.0,H
2018-12-01,Huddersfield,Brighton,2018-19,0.3157894736842105,-0.21052631578947367,2.157894736842106,-6.631578947368423,0.42105263157894823,-0.8947368421052637,1.5263157894736836,-2.473684210526316,0.5263157894736841,0.631578947368421,21.05263157894737,A
2018-12-01,Leicester,Watford,2018-19,0.42105263157894746,-0.5789473684210527,1.2105263157894743,0.631578947368423,0.6842105263157898,-0.5263157894736845,1.2631578947368416,-0.8947368421052628,1.0,0.6842105263157893,15.789473684210524,H
2018-12-01,Man City,Bournemouth,2018-19,2.210526315789474,-0.8947368421052632,7.736842105263156,-9.894736842105264,3.947368421052632,-2.736842105263158,1.8421052631578938,-4.263157894736842,3.105263157894737,1.6842105263157892,63.157894736842096,H
2018-12-01,Newcastle,West Ham,2018-19,-0.1578947368421051,-1.3157894736842106,3.2631578947368407,-6.157894736842104,0.10526315789473717,-2.6315789473684204,0.7894736842105261,-1.8421052631578947,1.1578947368421058,0.6842105263157894,26.315789473684205,A
2018-12-01,Southampton,Man United,2018-19,-0.5263157894736845,0.368421052631579,0.7368421052631593,-1.9473684210526319,-0.5789473684210531,-0.3684210526315792,1.1578947368421044,-0.5789473684210531,-0.8947368421052633,-0.7894736842105263,-31.57894736842105,D
2018-12-02,Arsenal,Tottenham,2018-19,1.0526315789473684,0.0,3.8947368421052655,0.05263157894736814,2.6315789473684195,0.3157894736842102,1.526315789473684,0.2631578947368425,1.0526315789473684,0.6842105263157892,26.315789473684212,H
2018-12-02,Chelsea,Fulham,2018-19,0.7500000000000002,-0.8947368421052633,9.802631578947372,-6.921052631578947,3.75,-2.4078947368421053,3.9999999999999996,-3.0526315789473686,1.6973684210526319,1.2105263157894743,42.10526315789474,H
2018-12-02,Liverpool,Everton,2018-19,1.526315789473684,-1.3684210526315788,9.894736842105264,-9.631578947368421,3.842105263157895,-3.421052631578947,3.4210526315789473,-2.68421052631579,2.894736842105263,1.4736842105263157,47.368421052631575,H
2018-12-04,Bournemouth,Huddersfield,2018-19,0.736842105263158,-0.1578947368421051,6.0,0.05263157894736814,1.3684210526315792,-0.1578947368421053,2.7368421052631575,-2.2105263157894735,0.8947368421052634,0.6315789473684209,21.052631578947363,H
2018-12-04,Brighton,Crystal Palace,2018-19,0.42105263157894735,-0.1578947368421051,0.4736842105263168,-0.6842105263157912,0.5789473684210527,-0.4210526315789478,-0.7894736842105265,-0.7894736842105265,0.5789473684210525,0.5789473684210524,15.789473684210524,H
2018-12-04,Watford,Man City,2018-19,-0.9473684210526316,0.9473684210526315,-4.2631578947368425,4.052631578947368,-2.1052631578947385,1.7894736842105265,-2.6315789473684212,1.8947368421052633,-1.894736842105263,-1.2105263157894737,-47.368421052631575,A
2018-12-04,West Ham,Cardiff,2018-19,0.4342105263157894,-0.368421052631579,2.171052631578947,-3.8684210526315788,0.1710526315789469,-1.1447368421052628,1.1052631578947358,-2.6315789473684204,0.8552631578947371,0.6842105263157893,21.052631578947363,H
2018-12-05,Burnley,Liverpool,2018-19,-1.210526315789474,-0.5789473684210525,-3.894736842105262,5.210526315789474,-1.6842105263157894,0.7368421052631575,-0.10526315789473628,2.4210526315789487,-0.6315789473684212,-0.3157894736842106,-10.526315789473685,A
2018-12-05,Everton,Newcastle,2018-19,0.5263157894736841,-0.42105263157894757,-1.8947368421052637,-1.0526315789473681,-1.0,-0.5789473684210522,-0.1578947368421053,-1.526315789473684,0.9473684210526315,0.9473684210526316,31.57894736842105,D
2018-12-05,Fulham,Leicester,2018-19,-0.5394736842105263,-0.618421052631579,0.8289473684210513,-2.210526315789476,-0.38157894736842124,-0.947368421052631,0.14473684210526194,-1.671052631578947,0.13157894736842118,0.27631578947368407,9.210526315789469,D
2018-12-05,Man United,Arsenal,2018-19,0.9473684210526316,-1.1578947368421053,1.3157894736842124,-3.2631578947368407,0.3157894736842106,-0.7368421052631575,1.2631578947368425,-0.5789473684210522,2.105263157894737,1.6315789473684208,57.89473684210526,D
2018-12-05,Tottenham,Southampton,2018-19,1.2105263157894735,-0.7368421052631582,8.105263157894735,-5.210526315789474,2.736842105263158,-1.789473684210526,2.1578947368421053,-2.157894736842105,1.9473684210526314,1.3684210526315794,52.63157894736842,H
2018-12-05,Wolves,Chelsea,2018-19,-0.5921052631578947,0.2236842105263157,-2.0657894736842106,1.2105263157894726,-1.1710526315789473,0.6315789473684217,0.6184210526315788,0.3289473684210531,-0.7631578947368418,-0.40789473684210553,-17.10526315789474,H
2018-12-08,Arsenal,Huddersfield,2018-19,2.2105263157894735,-0.6842105263157896,10.000000000000002,-3.684210526315791,4.789473684210526,-0.9473684210526323,3.6315789473684212,-1.6842105263157894,2.8947368421052633,1.7368421052631575,63.1578947368421,H
2018-12-08,Bournemouth,Liverpool,2018-19,-0.6842105263157896,0.10526315789473717,-0.7368421052631575,4.842105263157896,-0.8421052631578947,1.0,1.0,1.052631578947369,-0.7894736842105264,-0.3157894736842106,-10.526315789473685,A
2018-12-08,Burnley,Brighton,2018-19,0.3157894736842105,-0.6315789473684211,2.157894736842106,-2.578947368421053,1.0,-0.7368421052631584,1.1052631578947367,-1.0526315789473673,0.9473684210526316,0.7894736842105261,26.315789473684205,H
2018-12-08,Cardiff,Southampton,2018-19,0.19736842105263153,-0.19736842105263186,0.618421052631577,-2.0000000000000018,-0.11842105263157876,-0.7894736842105257,-0.4342105263157894,-0.8815789473684204,0.4473684210526317,0.4342105263157894,19.73684210526315,H
2018-12-08,Chelsea,Man City,2018-19,-0.7894736842105259,0.1578947368421052,2.05263157894737,1.8947368421052637,1.1578947368421044,0.21052631578947345,0.10526315789473717,0.7368421052631575,-0.9473684210526314,-0.6842105263157887,-26.315789473684198,H
2018-12-08,Leicester,Tottenham,2018-19,-0.4736842105263157,0.10526315789473695,-2.2105263157894726,1.6842105263157912,-1.1578947368421053,0.26315789473684204,0.47368421052631504,0.0,-0.5789473684210527,-0.3684210526315792,-15.789473684210527,A
2018-12-08,Man United,Fulham,2018-19,1.1710526315789473,-1.2631578947368423,5.539473684210527,-6.5,1.697368421052631,-1.671052631578947,2.3684210526315783,-2.7894736842105257,2.4868421052631584,1.7368421052631575,63.1578947368421,H
2018-12-08,West Ham,Crystal Palace,2018-19,0.42105263157894735,-0.10526315789473673,0.15789473684210442,-1.578947368421053,0.21052631578947345,-1.0526315789473681,-0.6315789473684212,-1.8421052631578947,0.5263157894736841,0.4736842105263155,15.789473684210524,H
2018-12-09,Newcastle,Wolves,2018-19,0.2763157894736843,-0.8421052631578948,2.8552631578947363,-4.289473684210526,0.5394736842105261,-1.671052631578947,0.5789473684210518,-1.7368421052631575,1.1710526315789478,0.7368421052631579,26.315789473684205,A
2018-12-10,Everton,Watford,2018-19,0.5789473684210525,-0.5789473684210527,-0.7894736842105257,1.9473684210526319,-0.10526315789473673,0.10526315789473717,-0.36842105263157876,-0.36842105263157876,1.1578947368421053,1.0526315789473686,31.57894736842105,D
2018-12-15,Crystal Palace,Leicester,2018-19,-0.10526315789473673,-0.5789473684210529,3.7894736842105257,-3.578947368421053,0.9473684210526323,-0.947368421052631,0.6842105263157885,-1.6315789473684212,0.4736842105263159,0.3157894736842104,10.526315789473681,H
2018-12-15,Fulham,West Ham,2018-19,-0.17105263157894735,-0.8289473684210529,2.565789473684209,-5.421052631578949,-0.1710526315789469,-1.7894736842105257,1.3552631578947367,-1.8289473684210522,0.7105263157894741,0.5394736842105261,19.73684210526315,A
2018-12-15,Huddersfield,Newcastle,2018-19,-0.10526315789473695,-0.26315789473684226,-0.9473684210526319,-3.947368421052632,-1.2631578947368411,-0.7894736842105265,0.947368421052631,-2.3684210526315788,0.15789473684210525,0.368421052631579,10.526315789473685,A
2018-12-15,Man City,Everton,2018-19,2.368421052631579,-1.1578947368421053,9.263157894736839,-10.263157894736842,4.684210526315789,-3.263157894736842,3.631578947368421,-3.473684210526316,3.526315789473684,1.8421052631578945,68.42105263157895,H
2018-12-15,Tottenham,Burnley,2018-19,1.0526315789473684,-0.3157894736842106,9.526315789473683,-6.7368421052631575,3.1052631578947367,-1.1578947368421058,3.684210526315789,-3.1052631578947367,1.368421052631579,0.7894736842105268,31.578947368421055,H
2018-12-15,Watford,Cardiff,2018-19,0.5921052631578945,-0.10526315789473695,3.4868421052631593,-4.7631578947368425,0.4868421052631571,-0.8289473684210522,1.2631578947368411,-1.8947368421052628,0.7500000000000004,0.6842105263157893,21.052631578947363,H
2018-12-15,Wolves,Bournemouth,2018-19,0.09210526315789469,-0.25,0.5657894736842106,-3.2631578947368443,-0.5394736842105261,-0.5789473684210522,-0.4868421052631584,-1.723684210526315,0.3947368421052632,0.3815789473684208,14.473684210526311,H
2018-12-16,Brighton,Chelsea,2018-19,-0.42105263157894735,0.1578947368421053,-1.7368421052631557,1.7894736842105257,-0.8947368421052633,0.9473684210526314,0.4210526315789469,0.47368421052631593,-0.5789473684210525,-0.2105263157894739,-15.789473684210527,A
2018-12-16,Liverpool,Man United,2018-19,0.7894736842105259,-0.4736842105263158,6.3684210526315805,-7.473684210526316,2.473684210526316,-2.3157894736842106,1.6315789473684204,-2.0000000000000004,1.263157894736842,0.4736842105263157,10.526315789473685,H
2018-12-16,Southampton,Arsenal,2018-19,0.0,-0.26315789473684204,0.10526315789473806,-0.7894736842105257,-0.5263157894736841,-0.26315789473684204,1.6842105263157894,0.1578947368421053,0.26315789473684204,0.1578947368421053,0.0,H
2018-12-21,Wolves,Liverpool,2018-19,-0.9605263157894739,-0.09210526315789469,-3.697368421052632,3.5789473684210513,-1.6973684210526314,0.7894736842105265,-0.11842105263157876,1.6447368421052637,-0.8157894736842106,-0.35526315789473695,-11.842105263157897,A
2018-12-22,Arsenal,Burnley,2018-19,1.7894736842105263,-0.10526315789473695,9.000000000000002,-6.0,4.526315789473683,-0.7368421052631589,3.1052631578947367,-1.8947368421052628,1.8947368421052633,0.9999999999999998,42.10526315789474,H
2018-12-22,Bournemouth,Brighton,2018-19,0.8421052631578948,0.052631578947368585,5.315789473684211,-2.947368421052632,1.8421052631578947,-0.47368421052631593,2.210526315789473,-2.421052631578947,0.7894736842105264,0.7894736842105261,26.315789473684205,H
2018-12-22,Cardiff,Man United,2018-19,-0.4868421052631582,0.381578947368421,-1.4342105263157894,-1.4736842105263168,-1.1710526315789473,0.0,-0.4868421052631584,-0.25,-0.8157894736842104,-0.4605263157894739,-17.10526315789474,A
2018-12-22,Chelsea,Leicester,2018-19,-0.05263157894736814,-1.1578947368421053,8.473684210526319,-5.578947368421053,3.1052631578947367,-2.526315789473684,2.999999999999999,-3.0000000000000004,1.105263157894737,0.8947368421052637,31.57894736842106,A
2018-12-22,Huddersfield,Southampton,2018-19,-0.052631578947368474,-0.26315789473684226,0.4210526315789469,-4.421052631578949,-0.6842105263157885,-1.0,0.0,-1.526315789473684,0.21052631578947362,0.3157894736842106,15.789473684210526,A
2018-12-22,Man City,Crystal Palace,2018-19,2.368421052631579,-0.7368421052631579,7.315789473684207,-7.894736842105265,4.7894736842105265,-2.8947368421052633,1.7368421052631575,-3.473684210526316,3.105263157894737,1.6842105263157892,63.157894736842096,A
2018-12-22,Newcastle,Fulham,2018-19,0.2763157894736843,-0.8421052631578948,2.8552631578947363,-4.289473684210526,0.5394736842105261,-1.671052631578947,0.5789473684210518,-1.7368421052631575,1.1710526315789478,0.7368421052631579,26.315789473684205,D
2018-12-22,West Ham,Watford,2018-19,0.36842105263157887,-0.368421052631579,0.36842105263157876,1.1578947368421062,0.10526315789473673,-0.21052631578947345,0.2631578947368416,-1.473684210526315,0.7368421052631579,0.6842105263157893,15.789473684210524,A
2018-12-23,Everton,Tottenham,2018-19,-0.3157894736842106,0.10526315789473695,-4.210526315789473,3.0,-1.9473684210526319,0.8947368421052637,-1.1578947368421053,0.5263157894736841,-0.42105263157894757,0.0,0.0,A
2018-12-26,Brighton,Arsenal,2018-19,0.21052631578947367,-0.3157894736842104,-1.7368421052631557,0.2631578947368425,-0.8421052631578942,0.4210526315789469,-0.1578947368421053,0.6315789473684212,0.5263157894736842,0.6842105263157894,15.789473684210524,D
2018-12-26,Burnley,Everton,2018-19,0.0,-0.9999999999999999,1.8947368421052637,-2.0,0.2105263157894739,-1.1578947368421053,1.315789473684211,-0.15789473684210442,1.0,0.5789473684210524,21.052631578947363,A
2018-12-26,Crystal Palace,Cardiff,2018-19,0.6973684210526316,-0.31578947368421084,5.118421052631579,-4.921052631578947,1.5921052631578956,-0.8289473684210522,1.684210526315789,-1.6842105263157894,1.0657894736842108,0.6315789473684209,21.052631578947363,D
2018-12-26,Fulham,Wolves,2018-19,0.26315789473684204,-0.35526315789473695,2.1578947368421044,-3.55263157894737,0.26315789473684204,-0.8289473684210522,1.1447368421052624,-1.723684210526315,0.7236842105263162,0.5921052631578946,19.73684210526315,D
2018-12-26,Leicester,Man City,2018-19,-1.0526315789473681,0.4736842105263158,-4.736842105263159,4.421052631578949,-1.8421052631578956,1.1578947368421049,-1.7894736842105265,1.736842105263158,-1.526315789473684,-1.2105263157894737,-47.368421052631575,H
2018-12-26,Liverpool,Newcastle,2018-19,1.4210526315789471,-1.0526315789473686,7.052631578947368,-7.526315789473684,2.947368421052632,-2.894736842105263,2.6315789473684204,-3.4736842105263155,2.473684210526316,1.4210526315789473,42.10526315789474,H
2018-12-26,Man United,Huddersfield,2018-19,1.368421052631579,-1.2631578947368423,6.421052631578949,-4.157894736842106,1.9473684210526314,-1.2105263157894735,2.8421052631578947,-2.6842105263157894,2.6315789473684212,1.7368421052631575,63.1578947368421,H
2018-12-26,Tottenham,Bournemouth,2018-19,1.1052631578947367,-0.7894736842105263,8.052631578947368,-6.473684210526317,2.3157894736842106,-1.5789473684210527,2.1052631578947363,-2.9999999999999996,1.894736842105263,1.3157894736842108,47.368421052631575,H
2018-12-26,Watford,Chelsea,2018-19,-0.26315789473684226,0.4736842105263157,-0.7368421052631557,0.0,-0.9473684210526323,0.6315789473684217,0.7368421052631575,0.1578947368421053,-0.7368421052631576,-0.31578947368421084,-15.789473684210527,A
2018-12-27,Southampton,West Ham,2018-19,-0.21052631578947367,-0.8421052631578949,4.7368421052631575,-5.894736842105264,0.42105263157894735,-2.157894736842105,2.9999999999999996,-2.1578947368421053,0.6315789473684214,0.21052631578947367,5.263157894736841,A
2018-12-29,Brighton,Everton,2018-19,0.42105263157894735,-0.5789473684210524,2.4210526315789487,-3.05263157894737,0.47368421052631593,-0.7894736842105265,1.1052631578947367,-0.7894736842105265,0.9999999999999999,0.7368421052631577,21.052631578947363,H
2018-12-29,Fulham,Huddersfield,2018-19,0.4605263157894737,-0.35526315789473695,3.0394736842105257,-1.2105263157894761,0.5131578947368425,-0.36842105263157876,1.6184210526315788,-1.6184210526315788,0.8684210526315792,0.5921052631578946,19.73684210526315,H
2018-12-29,Leicester,Cardiff,2018-19,0.48684210526315796,-0.5789473684210527,3.0131578947368425,-4.394736842105262,0.75,-1.460526315789474,2.105263157894736,-2.052631578947368,1.1184210526315792,0.6842105263157893,21.052631578947363,A
2018-12-29,Liverpool,Arsenal,2018-19,1.3157894736842104,-1.1052631578947367,5.736842105263159,-6.31578947368421,2.526315789473685,-2.2105263157894735,2.1578947368421053,-1.263157894736842,2.4210526315789473,1.4210526315789473,42.10526315789474,H
2018-12-29,Tottenham,Wolves,2018-19,1.276315789473684,-0.8947368421052633,9.644736842105262,-6.7631578947368425,3.1184210526315788,-1.8289473684210527,3.736842105263157,-2.9999999999999996,2.223684210526316,1.5263157894736845,52.63157894736842,A
2018-12-29,Watford,Newcastle,2018-19,0.4736842105263155,0.05263157894736814,0.5789473684210531,-2.7368421052631575,-0.4736842105263164,-0.5789473684210522,0.6315789473684204,-1.8947368421052628,0.42105263157894757,0.5789473684210524,15.789473684210524,D
2018-12-30,Burnley,West Ham,2018-19,-0.42105263157894735,-1.3157894736842106,2.3684210526315788,-3.7894736842105257,-0.15789473684210487,-1.8421052631578947,1.3684210526315792,-1.0526315789473673,0.8947368421052636,0.5789473684210524,21.052631578947363,H
2018-12-30,Crystal Palace,Chelsea,2018-19,-0.1578947368421051,0.2631578947368418,0.8947368421052637,-0.15789473684210442,0.1578947368421062,0.6315789473684217,1.1578947368421053,0.36842105263157876,-0.4210526315789472,-0.3684210526315792,-15.789473684210527,A
2018-12-30,Man United,Bournemouth,2018-19,1.0,-1.1578947368421053,3.9473684210526336,-6.210526315789474,0.8947368421052628,-1.421052631578947,0.7368421052631575,-2.7894736842105257,2.1578947368421053,1.5263157894736838,57.89473684210526,H
2018-12-30,Southampton,Man City,2018-19,-1.3157894736842104,0.6842105263157895,-3.4210526315789487,4.789473684210526,-1.7368421052631593,1.4210526315789473,-1.1052631578947372,1.736842105263158,-2.0,-1.6315789473684208,-63.157894736842096,A
2019-01-01,Arsenal,Fulham,2018-19,2.013157894736842,-0.6842105263157896,9.11842105263158,-6.026315789473685,4.539473684210525,-1.4078947368421058,3.157894736842105,-1.7894736842105257,2.7500000000000004,1.7368421052631575,63.1578947368421,H
2019-01-01,Cardiff,Tottenham,2018-19,-0.6973684210526316,0.32894736842105265,-3.0657894736842106,2.526315789473683,-1.6447368421052633,0.8947368421052637,-0.4868421052631584,0.3289473684210531,-0.9736842105263157,-0.4605263157894739,-17.10526315789474,A
2019-01-01,Everton,Leicester,2018-19,-0.1578947368421053,-0.8421052631578947,-0.3157894736842106,-1.7368421052631593,-0.6842105263157898,-0.947368421052631,-0.526315789473685,-1.473684210526316,0.6842105263157894,0.736842105263158,26.31578947368421,A
2019-01-02,Bournemouth,Watford,2018-19,0.4736842105263158,-0.1578947368421051,3.3157894736842106,2.7368421052631593,1.0526315789473686,0.3157894736842106,1.421052631578947,-1.1578947368421044,0.6315789473684212,0.6315789473684209,15.789473684210524,D
2019-01-02,Chelsea,Southampton,2018-19,0.6842105263157897,-0.7368421052631582,8.263157894736844,-5.368421052631579,3.368421052631579,-2.3684210526315788,2.421052631578948,-2.210526315789474,1.4210526315789473,1.052631578947369,42.10526315789474,D
2019-01-02,Huddersfield,Burnley,2018-19,-0.21052631578947367,0.1578947368421053,1.8421052631578956,-5.947368421052632,-0.31578947368420973,-0.36842105263157965,1.5263157894736836,-2.473684210526316,-0.368421052631579,-0.26315789473684204,-5.263157894736839,A
2019-01-02,Newcastle,Man United,2018-19,-0.47368421052631593,-0.10526315789473684,-0.7368421052631575,-2.2105263157894726,-0.8947368421052633,-0.8421052631578947,-1.052631578947369,-0.2631578947368425,-0.368421052631579,-0.3157894736842106,-10.526315789473685,A
2019-01-02,West Ham,Brighton,2018-19,0.7368421052631579,-0.1578947368421053,2.3684210526315788,-4.526315789473685,0.8947368421052628,-1.0,1.0526315789473677,-2.7368421052631575,0.894736842105263,0.8421052631578945,26.315789473684205,D
2019-01-02,Wolves,Crystal Palace,2018-19,0.25,-0.09210526315789469,0.14473684210526194,-1.2631578947368443,0.3026315789473686,-0.7368421052631575,-0.5921052631578947,-0.9342105263157894,0.3947368421052632,0.3815789473684208,14.473684210526311,A
2019-01-03,Man City,Liverpool,2018-19,1.1578947368421053,-0.7368421052631579,3.4736842105263133,-3.052631578947369,2.7894736842105265,-1.3684210526315792,2.2105263157894735,-0.8947368421052628,1.894736842105263,0.9473684210526314,36.84210526315789,H
2019-01-12,Brighton,Liverpool,2018-19,-0.7894736842105265,-0.1578947368421051,-3.368421052631577,4.157894736842104,-1.4210526315789473,1.1052631578947363,-0.3157894736842106,1.7894736842105265,-0.6315789473684214,-0.1578947368421053,-10.526315789473685,A
2019-01-12,Burnley,Fulham,2018-19,0.013157894736842035,-0.8421052631578948,1.9605263157894743,-1.921052631578947,0.27631578947368407,-0.8815789473684212,1.1578947368421049,-0.9473684210526301,0.9078947368421056,0.6315789473684209,21.052631578947363,H
2019-01-12,Cardiff,Huddersfield,2018-19,0.4605263157894737,-0.35526315789473695,3.0394736842105257,-1.2105263157894761,0.5131578947368425,-0.36842105263157876,1.6184210526315788,-1.6184210526315788,0.8684210526315792,0.5921052631578946,19.73684210526315,D
2019-01-12,Chelsea,Newcastle,2018-19,0.6315789473684212,-0.7368421052631582,6.8947368421052655,-4.894736842105262,2.7894736842105265,-2.1578947368421053,3.3684210526315788,-3.0526315789473686,1.3684210526315792,1.1052631578947374,36.842105263157904,H
2019-01-12,Crystal Palace,Watford,2018-19,0.6315789473684211,-0.31578947368421084,3.3157894736842106,0.10526315789473806,1.5263157894736854,0.10526315789473717,0.8421052631578947,-0.5263157894736841,0.9473684210526317,0.6315789473684209,15.789473684210524,A
2019-01-12,Leicester,Southampton,2018-19,0.42105263157894746,-0.42105263157894757,1.473684210526315,-2.842105263157894,0.3684210526315792,-1.4210526315789473,0.5263157894736841,-1.2105263157894735,0.8421052631578948,0.5263157894736841,21.052631578947363,A
2019-01-12,West Ham,Arsenal,2018-19,0.21052631578947367,-0.26315789473684204,-2.052631578947368,-0.6315789473684195,-1.2105263157894735,-0.21052631578947345,0.0,-0.4210526315789469,0.47368421052631576,0.5789473684210524,15.789473684210524,H
2019-01-13,Everton,Bournemouth,2018-19,0.4736842105263157,-0.4736842105263157,-0.5789473684210513,-2.7894736842105274,-0.8421052631578947,-0.5789473684210522,-1.1578947368421053,-1.526315789473684,0.9473684210526314,0.8421052631578947,31.57894736842105,H
2019-01-13,Tottenham,Man United,2018-19,0.5263157894736838,-0.1578947368421053,6.052631578947368,-4.684210526315789,1.6842105263157894,-1.0000000000000004,2.1052631578947363,-1.5263157894736845,0.6842105263157894,0.47368421052631615,15.789473684210527,A
2019-01-14,Man City,Wolves,2018-19,2.3815789473684212,-1.0,9.32894736842105,-10.184210526315791,4.75,-2.986842105263158,3.4736842105263146,-4.263157894736842,3.43421052631579,1.8947368421052628,68.42105263157895,H
2019-01-19,Arsenal,Chelsea,2018-19,1.1578947368421053,-0.10526315789473695,4.8947368421052655,-1.2631578947368425,3.1052631578947354,0.05263157894736814,2.6315789473684212,0.2631578947368425,1.2631578947368423,0.7368421052631575,26.315789473684212,H
2019-01-19,Bournemouth,West Ham,2018-19,0.10526315789473695,-0.631578947368421,5.526315789473683,-4.157894736842104,0.6842105263157898,-1.5789473684210522,2.4736842105263155,-2.421052631578947,0.7368421052631584,0.5789473684210524,21.052631578947363,H
2019-01-19,Liverpool,Crystal Palace,2018-19,1.526315789473684,-0.9473684210526315,7.947368421052632,-7.263157894736843,3.947368421052632,-3.052631578947368,1.526315789473684,-2.68421052631579,2.473684210526316,1.3157894736842104,42.10526315789474,H
2019-01-19,Man United,Brighton,2018-19,1.473684210526316,-1.0526315789473686,5.736842105263159,-7.157894736842106,2.421052631578947,-1.526315789473684,2.31578947368421,-2.894736842105263,2.526315789473684,1.8947368421052628,68.42105263157895,H
2019-01-19,Newcastle,Cardiff,2018-19,0.2763157894736843,-0.8421052631578948,2.8552631578947363,-4.289473684210526,0.5394736842105261,-1.671052631578947,0.5789473684210518,-1.7368421052631575,1.1710526315789478,0.7368421052631579,26.315789473684205,H
2019-01-19,Southampton,Everton,2018-19,0.21052631578947367,-0.5263157894736841,4.2631578947368425,-4.105263157894738,0.7894736842105261,-1.4736842105263155,2.9473684210526314,-1.2631578947368425,0.7368421052631577,0.21052631578947367,5.263157894736841,H
2019-01-19,Watford,Burnley,2018-19,0.36842105263157876,0.4736842105263157,3.3684210526315805,-4.7368421052631575,0.47368421052631504,-0.1578947368421053,1.210526315789473,-2.0,-0.10526315789473668,-0.052631578947368585,0.0,D
2019-01-19,Wolves,Leicester,2018-19,-0.5394736842105263,-0.618421052631579,0.8289473684210513,-2.210526315789476,-0.38157894736842124,-0.947368421052631,0.14473684210526194,-1.671052631578947,0.13157894736842118,0.27631578947368407,9.210526315789469,H
2019-01-20,Fulham,Tottenham,2018-19,-0.6973684210526316,0.32894736842105265,-3.0657894736842106,2.526315789473683,-1.6447368421052633,0.8947368421052637,-0.4868421052631584,0.3289473684210531,-0.9736842105263157,-0.4605263157894739,-17.10526315789474,A
2019-01-20,Huddersfield,Man City,2018-19,-1.526315789473684,0.6315789473684211,-5.789473684210527,2.842105263157894,-2.8947368421052633,1.5789473684210522,-2.3157894736842106,1.4210526315789473,-2.1578947368421053,-1.4210526315789471,-52.63157894736841,A
2019-01-29,Arsenal,Cardiff,2018-19,2.013157894736842,-0.6842105263157896,9.11842105263158,-6.026315789473685,4.539473684210525,-1.4078947368421058,3.157894736842105,-1.7894736842105257,2.7500000000000004,1.7368421052631575,63.1578947368421,H
2019-01-29,Fulham,Brighton,2018-19,0.5657894736842105,-0.14473684210526327,2.3552631578947363,-4.210526315789476,0.986842105263158,-0.6842105263157894,1.0921052631578942,-1.8289473684210522,0.7631578947368423,0.7499999999999998,24.999999999999993,H
2019-01-29,Huddersfield,Everton,2018-19,0.0,-0.5789473684210524,1.8947368421052637,-6.05263157894737,-0.36842105263157787,-1.3157894736842106,1.736842105263158,-1.578947368421053,0.5789473684210524,0.42105263157894735,15.789473684210526,A
2019-01-29,Man United,Burnley,2018-19,0.9473684210526316,-0.6842105263157896,5.421052631578949,-6.473684210526315,1.684210526315789,-1.0,2.31578947368421,-2.894736842105263,1.6315789473684212,0.9999999999999998,42.10526315789474,D
2019-01-29,Newcastle,Man City,2018-19,-1.2631578947368418,0.21052631578947367,-4.8947368421052655,4.526315789473685,-2.0526315789473695,0.9473684210526319,-3.3157894736842106,2.0526315789473686,-1.4736842105263157,-1.157894736842105,-42.10526315789473,H
2019-01-29,Wolves,West Ham,2018-19,-0.17105263157894735,-0.8289473684210529,2.565789473684209,-5.421052631578949,-0.1710526315789469,-1.7894736842105257,1.3552631578947367,-1.8289473684210522,0.7105263157894741,0.5394736842105261,19.73684210526315,H
2019-01-30,Bournemouth,Chelsea,2018-19,-0.3157894736842104,0.42105263157894757,0.8947368421052637,2.473684210526317,-0.3157894736842106,0.8421052631578951,1.7368421052631575,-0.2631578947368416,-0.7368421052631576,-0.3684210526315792,-15.789473684210527,H
2019-01-30,Liverpool,Leicester,2018-19,0.7368421052631577,-1.473684210526316,8.631578947368421,-8.210526315789476,3.263157894736842,-3.2631578947368416,2.2631578947368407,-3.4210526315789473,2.2105263157894735,1.2105263157894737,36.84210526315789,D
2019-01-30,Southampton,Crystal Palace,2018-19,0.21052631578947367,-0.10526315789473673,2.3157894736842106,-1.7368421052631593,0.8947368421052628,-1.1052631578947367,1.0526315789473681,-1.2631578947368425,0.3157894736842104,0.05263157894736836,0.0,D
2019-01-30,Tottenham,Watford,2018-19,1.2105263157894735,-0.8947368421052633,7.842105263157894,-1.7368421052631575,3.0526315789473686,-0.8947368421052633,2.894736842105263,-1.8421052631578942,2.1052631578947367,1.5263157894736845,47.368421052631575,H
2019-02-02,Brighton,Watford,2018-19,0.36842105263157887,-0.42105263157894735,0.6842105263157912,2.052631578947368,0.47368421052631593,0.4210526315789469,0.10526315789473628,-0.4210526315789469,0.7894736842105263,0.7894736842105262,15.789473684210524,D
2019-02-02,Burnley,Southampton,2018-19,-0.052631578947368474,-0.6842105263157897,0.4210526315789469,-0.36842105263157876,-0.10526315789473673,-0.8421052631578947,-0.4210526315789469,-0.10526315789473539,0.6315789473684211,0.4736842105263157,21.052631578947363,D
2019-02-02,Cardiff,Bournemouth,2018-19,0.09210526315789469,-0.25,0.5657894736842106,-3.2631578947368443,-0.5394736842105261,-0.5789473684210522,-0.4868421052631584,-1.723684210526315,0.3947368421052632,0.3815789473684208,14.473684210526311,H
2019-02-02,Chelsea,Huddersfield,2018-19,0.9473684210526319,-0.8947368421052633,10.684210526315793,-4.578947368421053,4.0,-1.9473684210526319,4.473684210526316,-2.9473684210526323,1.842105263157895,1.2105263157894743,42.10526315789474,H
2019-02-02,Crystal Palace,Fulham,2018-19,0.6973684210526316,-0.31578947368421084,5.118421052631579,-4.921052631578947,1.5921052631578956,-0.8289473684210522,1.684210526315789,-1.6842105263157894,1.0657894736842108,0.6315789473684209,21.052631578947363,H
2019-02-02,Everton,Wolves,2018-19,0.644736842105263,-0.5789473684210527,1.0131578947368425,-3.078947368421053,-0.03947368421052655,-0.8289473684210522,0.4736842105263155,-1.526315789473684,1.2763157894736845,1.0526315789473686,36.84210526315789,A
2019-02-02,Tottenham,Newcastle,2018-19,1.157894736842105,-0.7368421052631582,6.736842105263156,-4.7368421052631575,2.1578947368421053,-1.5789473684210527,3.1052631578947363,-2.9999999999999996,1.8947368421052633,1.4210526315789478,47.368421052631575,H
2019-02-03,Leicester,Man United,2018-19,-0.26315789473684226,0.1578947368421053,-0.5789473684210513,-2.315789473684209,-0.6842105263157894,-0.6315789473684217,0.47368421052631504,-0.5789473684210531,-0.42105263157894735,-0.3684210526315792,-15.789473684210527,A
2019-02-03,Man City,Arsenal,2018-19,2.1578947368421053,-0.8947368421052632,5.1052631578947345,-6.947368421052631,3.3684210526315796,-2.0526315789473686,2.3684210526315788,-2.052631578947368,3.0526315789473686,1.789473684210526,63.157894736842096,H
2019-02-04,West Ham,Liverpool,2018-19,-0.7894736842105265,-0.10526315789473673,-3.6842105263157894,3.2631578947368425,-1.7894736842105265,0.47368421052631593,-0.1578947368421053,0.7368421052631584,-0.6842105263157898,-0.26315789473684226,-10.526315789473685,D
2019-02-06,Everton,Man City,2018-19,-0.894736842105263,0.4736842105263158,-6.736842105263159,5.7368421052631575,-2.631578947368422,1.7894736842105265,-3.421052631578947,2.263157894736842,-1.368421052631579,-0.8421052631578945,-31.578947368421048,A
2019-02-09,Brighton,Burnley,2018-19,0.21052631578947367,0.1578947368421053,2.3684210526315805,-2.947368421052632,0.5263157894736841,0.15789473684210442,0.8947368421052624,-1.6842105263157894,0.052631578947368404,0.05263157894736836,0.0,A
2019-02-09,Crystal Palace,West Ham,2018-19,0.26315789473684226,-0.7894736842105268,5.526315789473683,-6.789473684210526,1.1578947368421066,-1.7894736842105257,1.8947368421052633,-1.7894736842105265,1.0526315789473688,0.5789473684210524,21.052631578947363,D
2019-02-09,Fulham,Man United,2018-19,-0.4868421052631582,0.381578947368421,-1.4342105263157894,-1.4736842105263168,-1.1710526315789473,0.0,-0.4868421052631584,-0.25,-0.8157894736842104,-0.4605263157894739,-17.10526315789474,A
2019-02-09,Huddersfield,Arsenal,2018-19,-0.21052631578947367,-0.3157894736842104,-2.2631578947368407,-2.7368421052631575,-1.684210526315788,-0.10526315789473717,0.47368421052631593,-0.1578947368421053,0.10526315789473678,0.368421052631579,10.526315789473685,A
2019-02-09,Liverpool,Bournemouth,2018-19,1.3684210526315788,-1.1052631578947367,8.36842105263158,-9.263157894736842,3.105263157894737,-2.894736842105263,1.6315789473684204,-3.4736842105263155,2.473684210526316,1.3157894736842104,42.10526315789474,H
2019-02-09,Southampton,Cardiff,2018-19,0.2236842105263157,-0.368421052631579,4.328947368421053,-4.026315789473685,0.8552631578947363,-1.1973684210526314,2.789473684210525,-2.052631578947368,0.6447368421052634,0.26315789473684215,5.263157894736841,A
2019-02-09,Watford,Everton,2018-19,0.5789473684210524,-0.26315789473684204,3.4210526315789487,-4.842105263157896,0.4210526315789469,-1.1052631578947363,1.4210526315789473,-1.1052631578947372,0.8421052631578948,0.6315789473684208,21.052631578947363,H
2019-02-10,Man City,Chelsea,2018-19,1.5263157894736845,-0.42105263157894746,5.1052631578947345,-5.421052631578948,3.3157894736842106,-1.526315789473684,2.947368421052631,-2.2105263157894735,1.9473684210526319,0.8947368421052628,31.578947368421048,H
2019-02-10,Tottenham,Leicester,2018-19,0.4736842105263157,-1.1578947368421053,8.315789473684209,-5.421052631578949,2.4736842105263155,-1.9473684210526314,2.7368421052631566,-2.9473684210526314,1.631578947368421,1.2105263157894741,42.10526315789474,H
2019-02-11,Wolves,Newcastle,2018-19,0.14473684210526305,-0.19736842105263186,-0.7500000000000018,-1.526315789473685,-0.6973684210526314,-0.5789473684210522,0.5131578947368416,-1.723684210526315,0.39473684210526333,0.48684210526315774,14.473684210526311,D
2019-02-22,Cardiff,Watford,2018-19,0.19736842105263153,-0.35526315789473695,0.3552631578947363,1.473684210526315,0.19736842105263186,0.10526315789473717,0.30263157894736814,-0.5657894736842097,0.605263157894737,0.5921052631578946,14.473684210526311,A
2019-02-22,West Ham,Fulham,2018-19,0.4342105263157894,-0.368421052631579,2.171052631578947,-3.8684210526315788,0.1710526315789469,-1.1447368421052628,1.1052631578947358,-2.6315789473684204,0.8552631578947371,0.6842105263157893,21.052631578947363,H
2019-02-23,Bournemouth,Wolves,2018-19,0.5394736842105263,-0.1578947368421051,5.118421052631579,-2.2894736842105257,1.1184210526315788,-0.6184210526315788,2.263157894736841,-2.3157894736842097,0.7500000000000004,0.6315789473684209,21.052631578947363,D
2019-02-23,Burnley,Tottenham,2018-19,-0.9473684210526316,-0.1578947368421052,-3.2631578947368407,4.157894736842106,-1.6315789473684212,0.8421052631578947,-0.47368421052631593,1.105263157894738,-0.7894736842105263,-0.42105263157894757,-15.789473684210527,H
2019-02-23,Leicester,Crystal Palace,2018-19,0.47368421052631593,-0.3157894736842104,1.0,-2.1052631578947363,0.7894736842105265,-1.3684210526315792,0.36842105263157876,-1.2631578947368425,0.7894736842105263,0.4736842105263155,15.789473684210524,A
2019-02-23,Newcastle,Huddersfield,2018-19,0.47368421052631593,-0.8421052631578948,3.7368421052631575,-1.9473684210526319,0.7894736842105265,-1.2105263157894735,1.0526315789473681,-1.6315789473684212,1.3157894736842106,0.7368421052631579,26.315789473684205,H
2019-02-24,Arsenal,Southampton,2018-19,1.9473684210526314,-0.5263157894736845,7.578947368421053,-4.473684210526317,4.157894736842104,-1.3684210526315792,1.578947368421053,-0.947368421052631,2.473684210526316,1.5789473684210524,63.1578947368421,H
2019-02-24,Man United,Liverpool,2018-19,-0.052631578947368585,-1.0,-0.31578947368420884,0.6315789473684212,-0.2631578947368425,-0.05263157894736814,1.1052631578947372,0.5789473684210531,0.9473684210526314,0.7894736842105261,31.578947368421055,D
2019-02-26,Cardiff,Everton,2018-19,0.25,-0.513157894736842,2.092105263157894,-3.631578947368423,0.19736842105263186,-1.1052631578947363,1.3026315789473686,-0.9342105263157894,0.8157894736842106,0.5394736842105261,19.73684210526315,A
2019-02-26,Huddersfield,Wolves,2018-19,0.013157894736842035,-0.42105263157894735,1.9605263157894743,-5.973684210526317,-0.3026315789473677,-1.0394736842105265,1.5789473684210518,-2.3684210526315788,0.48684210526315813,0.4736842105263158,15.789473684210526,H
2019-02-26,Leicester,Brighton,2018-19,0.7894736842105264,-0.368421052631579,3.2105263157894743,-5.052631578947368,1.473684210526316,-1.315789473684211,2.0526315789473677,-2.1578947368421053,1.1578947368421053,0.8421052631578945,26.315789473684205,H
2019-02-26,Newcastle,Burnley,2018-19,0.052631578947368585,-0.26315789473684215,2.7368421052631575,-4.263157894736841,0.5263157894736841,-1.0,0.5263157894736836,-1.8421052631578947,0.3157894736842106,0.0,5.2631578947368425,H
2019-02-27,Arsenal,Bournemouth,2018-19,1.8421052631578947,-0.5789473684210527,7.526315789473687,-5.736842105263159,3.7368421052631566,-1.1578947368421058,1.526315789473684,-1.7894736842105257,2.4210526315789473,1.5263157894736838,57.89473684210526,H
2019-02-27,Chelsea,Tottenham,2018-19,-0.21052631578947345,-0.21052631578947367,4.578947368421057,-0.8421052631578938,1.8421052631578947,-0.6842105263157894,2.3684210526315788,-1.0000000000000004,0.0,0.15789473684210575,5.26315789473685,H
2019-02-27,Crystal Palace,Man United,2018-19,-0.052631578947368585,0.4210526315789471,1.526315789473685,-2.842105263157894,0.1578947368421062,0.0,0.05263157894736814,-0.21052631578947434,-0.47368421052631576,-0.42105263157894757,-15.789473684210527,A
2019-02-27,Liverpool,Watford,2018-19,1.4736842105263155,-1.210526315789474,8.157894736842106,-4.526315789473684,3.842105263157895,-2.2105263157894735,2.421052631578947,-2.31578947368421,2.6842105263157894,1.526315789473684,42.10526315789474,H
2019-02-27,Man City,West Ham,2018-19,1.9473684210526319,-1.473684210526316,9.736842105263154,-12.05263157894737,4.315789473684211,-3.9473684210526314,3.684210526315789,-4.368421052631579,3.421052631578948,1.8421052631578945,68.42105263157895,H
2019-02-27,Southampton,Fulham,2018-19,0.2236842105263157,-0.368421052631579,4.328947368421053,-4.026315789473685,0.8552631578947363,-1.1973684210526314,2.789473684210525,-2.052631578947368,0.6447368421052634,0.26315789473684215,5.263157894736841,H
2019-03-02,Bournemouth,Man City,2018-19,-0.9999999999999998,0.8947368421052634,-2.631578947368423,6.526315789473685,-1.4736842105263168,2.0,-1.6315789473684212,1.4736842105263164,-1.894736842105263,-1.263157894736842,-47.368421052631575,A
2019-03-02,Brighton,Huddersfield,2018-19,0.631578947368421,-0.42105263157894735,3.3684210526315805,-0.631578947368423,0.7894736842105265,-0.05263157894736903,1.421052631578947,-1.473684210526316,1.0526315789473684,0.7894736842105262,21.052631578947363,H
2019-03-02,Burnley,Crystal Palace,2018-19,0.0,-0.5789473684210525,-0.05263157894736814,0.36842105263157876,0.3157894736842106,-0.7894736842105265,-0.5789473684210522,-0.15789473684210442,0.5789473684210527,0.4210526315789471,15.789473684210524,A
2019-03-02,Man United,Southampton,2018-19,1.1052631578947367,-1.1052631578947372,4.0,-4.947368421052632,1.3157894736842102,-1.6315789473684204,0.7894736842105265,-1.947368421052631,2.210526315789474,1.5789473684210524,63.1578947368421,H
2019-03-02,Tottenham,Arsenal,2018-19,1.0526315789473684,-0.7894736842105263,5.421052631578947,-3.526315789473683,1.7368421052631584,-0.8947368421052633,2.6315789473684212,-0.7894736842105261,1.8421052631578947,1.4210526315789478,47.368421052631575,D
2019-03-02,West Ham,Newcastle,2018-19,0.3157894736842104,-0.2105263157894739,-0.7368421052631593,-1.8421052631578938,-0.7894736842105265,-0.8947368421052628,0.47368421052631504,-2.6315789473684204,0.5263157894736842,0.5789473684210524,15.789473684210524,H
2019-03-02,Wolves,Cardiff,2018-19,0.26315789473684204,-0.35526315789473695,2.1578947368421044,-3.55263157894737,0.26315789473684204,-0.8289473684210522,1.1447368421052624,-1.723684210526315,0.7236842105263162,0.5921052631578946,19.73684210526315,H
2019-03-03,Everton,Liverpool,2018-19,-0.5789473684210529,-0.3157894736842104,-4.842105263157894,4.052631578947368,-2.0,0.7894736842105265,-0.7894736842105257,1.8421052631578947,-0.2631578947368425,0.10526315789473695,5.2631578947368425,D
2019-03-03,Fulham,Chelsea,2018-19,-0.5921052631578947,0.2236842105263157,-2.0657894736842106,1.2105263157894726,-1.1710526315789473,0.6315789473684217,0.6184210526315788,0.3289473684210531,-0.7631578947368418,-0.40789473684210553,-17.10526315789474,A
2019-03-03,Watford,Leicester,2018-19,-0.2105263157894739,-0.368421052631579,2.157894736842106,-3.4210526315789487,-0.1578947368421062,-0.947368421052631,0.2631578947368407,-1.8421052631578947,0.1578947368421054,0.36842105263157876,10.526315789473681,H
2019-03-09,Cardiff,West Ham,2018-19,-0.17105263157894735,-0.8289473684210529,2.565789473684209,-5.421052631578949,-0.1710526315789469,-1.7894736842105257,1.3552631578947367,-1.8289473684210522,0.7105263157894741,0.5394736842105261,19.73684210526315,H
2019-03-09,Crystal Palace,Brighton,2018-19,1.0,-0.10526315789473717,5.315789473684211,-5.578947368421053,2.3157894736842115,-0.6842105263157894,1.6315789473684208,-1.7894736842105265,1.105263157894737,0.7894736842105261,26.315789473684205,A
2019-03-09,Huddersfield,Bournemouth,2018-19,-0.1578947368421053,-0.3157894736842104,0.36842105263158054,-5.684210526315791,-1.1052631578947358,-0.7894736842105265,-0.05263157894736903,-2.3684210526315788,0.15789473684210514,0.26315789473684204,10.526315789473685,A
2019-03-09,Leicester,Fulham,2018-19,0.48684210526315796,-0.5789473684210527,3.0131578947368425,-4.394736842105262,0.75,-1.460526315789474,2.105263157894736,-2.052631578947368,1.1184210526315792,0.6842105263157893,21.052631578947363,H
2019-03-09,Man City,Watford,2018-19,2.3157894736842106,-1.0,7.526315789473681,-5.157894736842105,4.684210526315789,-2.0526315789473686,2.6315789473684204,-3.1052631578947363,3.3157894736842106,1.8947368421052628,63.157894736842096,H
2019-03-09,Newcastle,Everton,2018-19,0.26315789473684226,-0.9999999999999999,2.7894736842105257,-4.368421052631579,0.47368421052631593,-1.947368421052631,0.736842105263158,-0.9473684210526319,1.263157894736842,0.6842105263157894,26.315789473684205,H
2019-03-09,Southampton,Tottenham,2018-19,-0.736842105263158,0.3157894736842106,-0.8947368421052619,2.052631578947368,-1.052631578947369,0.5263157894736845,1.1578947368421044,0.0,-1.0526315789473686,-0.7894736842105263,-31.57894736842105,H
2019-03-10,Arsenal,Man United,2018-19,1.2631578947368418,0.05263157894736836,5.526315789473687,-3.947368421052632,3.1052631578947354,-0.5789473684210535,1.526315789473684,-0.3157894736842106,1.2105263157894737,0.6842105263157892,26.315789473684212,H
2019-03-10,Chelsea,Wolves,2018-19,0.7500000000000002,-0.8947368421052633,9.802631578947372,-6.921052631578947,3.75,-2.4078947368421053,3.9999999999999996,-3.0526315789473686,1.6973684210526319,1.2105263157894743,42.10526315789474,D
2019-03-10,Liverpool,Burnley,2018-19,1.3157894736842104,-0.6315789473684211,9.842105263157896,-9.526315789473685,3.8947368421052633,-2.473684210526316,3.210526315789473,-3.5789473684210527,1.9473684210526316,0.7894736842105263,26.315789473684212,H
2019-03-16,Bournemouth,Newcastle,2018-19,0.42105263157894735,0.0,2.2105263157894726,-0.2631578947368407,0.1578947368421053,-0.36842105263157876,1.6315789473684204,-2.3157894736842097,0.42105263157894757,0.5263157894736841,15.789473684210524,D
2019-03-16,Burnley,Leicester,2018-19,-0.7894736842105263,-1.1052631578947367,0.6315789473684212,-0.5789473684210531,-0.3684210526315792,-1.0,0.15789473684210442,-0.8947368421052619,0.31578947368421056,0.3157894736842104,10.526315789473681,A
2019-03-16,West Ham,Huddersfield,2018-19,0.631578947368421,-0.368421052631579,3.052631578947368,-1.526315789473685,0.42105263157894735,-0.6842105263157894,1.5789473684210522,-2.526315789473684,1.0,0.6842105263157893,21.052631578947363,H
2019-03-17,Everton,Chelsea,2018-19,-0.21052631578947367,0.0,-3.2105263157894726,1.6842105263157894,-1.473684210526316,0.6315789473684217,-0.05263157894736814,0.5263157894736841,-0.21052631578947367,0.05263157894736836,0.0,H
2019-03-17,Fulham,Liverpool,2018-19,-0.9605263157894739,-0.09210526315789469,-3.697368421052632,3.5789473684210513,-1.6973684210526314,0.7894736842105265,-0.11842105263157876,1.6447368421052637,-0.8157894736842106,-0.35526315789473695,-11.842105263157897,A
2019-03-30,Brighton,Southampton,2018-19,0.36842105263157887,-0.26315789473684226,0.9473684210526319,-1.4210526315789487,0.1578947368421053,-0.47368421052631593,-0.6315789473684212,-0.7368421052631575,0.631578947368421,0.631578947368421,21.052631578947363,A
2019-03-30,Burnley,Wolves,2018-19,0.013157894736842035,-0.8421052631578948,1.9605263157894743,-1.921052631578947,0.27631578947368407,-0.8815789473684212,1.1578947368421049,-0.9473684210526301,0.9078947368421056,0.6315789473684209,21.052631578947363,H
2019-03-30,Crystal Palace,Huddersfield,2018-19,0.8947368421052633,-0.31578947368421084,6.0,-2.578947368421053,1.842105263157896,-0.36842105263157876,2.1578947368421053,-1.578947368421053,1.210526315789474,0.6315789473684209,21.052631578947363,H
2019-03-30,Fulham,Man City,2018-19,-1.276315789473684,0.6973684210526315,-5.592105263157897,5.263157894736841,-2.3289473684210535,1.7894736842105265,-2.75,2.065789473684211,-1.9210526315789471,-1.3026315789473684,-48.68421052631579,A
2019-03-30,Leicester,Bournemouth,2018-19,0.3157894736842106,-0.4736842105263157,1.4210526315789487,-4.105263157894736,-0.05263157894736814,-1.210526315789474,0.47368421052631504,-2.052631578947368,0.7894736842105263,0.4736842105263155,15.789473684210524,H
2019-03-30,Man United,Watford,2018-19,1.1052631578947367,-1.2631578947368423,3.7368421052631593,-1.473684210526315,1.6315789473684208,-0.7368421052631575,1.526315789473684,-1.6315789473684204,2.368421052631579,1.7368421052631575,57.89473684210526,H
2019-03-30,West Ham,Everton,2018-19,0.42105263157894735,-0.5263157894736841,2.1052631578947363,-3.947368421052632,0.10526315789473673,-1.421052631578947,1.263157894736842,-1.8421052631578947,0.9473684210526314,0.6315789473684208,21.052631578947363,A
2019-03-31,Cardiff,Chelsea,2018-19,-0.5921052631578947,0.2236842105263157,-2.0657894736842106,1.2105263157894726,-1.1710526315789473,0.6315789473684217,0.6184210526315788,0.3289473684210531,-0.7631578947368418,-0.40789473684210553,-17.10526315789474,A
2019-03-31,Liverpool,Tottenham,2018-19,0.5789473684210524,-0.5263157894736842,4.736842105263159,-3.473684210526316,2.0,-1.4210526315789467,1.6315789473684204,-1.4210526315789473,1.1052631578947367,0.4736842105263157,10.526315789473685,H
2019-04-01,Arsenal,Newcastle,2018-19,1.894736842105263,-0.5263157894736845,6.210526315789474,-4.0,3.5789473684210513,-1.1578947368421058,2.526315789473684,-1.7894736842105257,2.4210526315789473,1.6315789473684208,57.89473684210526,H
2019-04-02,Watford,Fulham,2018-19,0.5921052631578945,-0.10526315789473695,3.4868421052631593,-4.7631578947368425,0.4868421052631571,-0.8289473684210522,1.2631578947368411,-1.8947368421052628,0.7500000000000004,0.6842105263157893,21.052631578947363,H
2019-04-02,Wolves,Man United,2018-19,-0.4868421052631582,0.381578947368421,-1.4342105263157894,-1.4736842105263168,-1.1710526315789473,0.0,-0.4868421052631584,-0.25,-0.8157894736842104,-0.4605263157894739,-17.10526315789474,H
2019-04-03,Chelsea,Brighton,2018-19,1.0526315789473686,-0.6842105263157896,10.000000000000004,-7.578947368421053,4.473684210526316,-2.2631578947368425,3.9473684210526314,-3.1578947368421058,1.736842105263158,1.3684210526315794,47.36842105263158,H
2019-04-03,Man City,Cardiff,2018-19,2.3815789473684212,-1.0,9.32894736842105,-10.184210526315791,4.75,-2.986842105263158,3.4736842105263146,-4.263157894736842,3.43421052631579,1.8947368421052628,68.42105263157895,H
2019-04-03,Tottenham,Crystal Palace,2018-19,1.263157894736842,-0.631578947368421,7.6315789473684195,-4.473684210526317,3.1578947368421053,-1.736842105263158,2.0,-2.210526315789474,1.894736842105263,1.3157894736842108,47.368421052631575,H
2019-04-05,Southampton,Liverpool,2018-19,-1.0000000000000002,-0.10526315789473673,-1.5263157894736832,3.1052631578947363,-1.1052631578947372,0.42105263157894735,1.526315789473684,1.3157894736842106,-0.8947368421052635,-0.6842105263157894,-26.31578947368421,A
2019-04-06,Bournemouth,Burnley,2018-19,0.3157894736842106,0.42105263157894757,5.0,-2.2631578947368407,1.1052631578947367,0.05263157894736814,2.210526315789473,-2.421052631578947,-0.10526315789473668,-0.10526315789473695,0.0,A
2019-04-06,Huddersfield,Leicester,2018-19,-0.7894736842105263,-0.6842105263157894,0.6315789473684212,-4.631578947368423,-0.947368421052631,-1.1578947368421053,0.5789473684210513,-2.3157894736842106,-0.10526315789473689,0.1578947368421053,5.2631578947368425,A
2019-04-06,Newcastle,Crystal Palace,2018-19,0.26315789473684226,-0.5789473684210525,0.8421052631578938,-2.0,0.5789473684210527,-1.5789473684210522,-1.1578947368421053,-0.9473684210526319,0.8421052631578947,0.5263157894736841,21.052631578947366,A
2019-04-07,Everton,Arsenal,2018-19,0.42105263157894735,-0.4736842105263157,-3.2105263157894726,0.1578947368421062,-1.421052631578947,0.10526315789473717,-0.6315789473684204,0.6842105263157894,0.894736842105263,0.9473684210526316,31.57894736842105,H
2019-04-08,Chelsea,West Ham,2018-19,0.31578947368421084,-1.3684210526315792,10.210526315789476,-8.789473684210526,3.315789473684211,-3.3684210526315788,4.210526315789474,-3.1578947368421058,1.6842105263157898,1.1578947368421058,42.10526315789474,H
2019-04-12,Leicester,Newcastle,2018-19,0.368421052631579,-0.42105263157894757,0.10526315789473628,-2.368421052631577,-0.21052631578947345,-1.210526315789474,1.473684210526315,-2.052631578947368,0.7894736842105264,0.5789473684210524,15.789473684210524,A
2019-04-13,Brighton,Bournemouth,2018-19,0.26315789473684204,-0.3157894736842104,0.8947368421052655,-2.684210526315791,-0.26315789473684204,-0.2631578947368425,-0.6842105263157903,-1.5789473684210522,0.5789473684210525,0.5789473684210524,15.789473684210524,A
2019-04-13,Burnley,Cardiff,2018-19,0.013157894736842035,-0.8421052631578948,1.9605263157894743,-1.921052631578947,0.27631578947368407,-0.8815789473684212,1.1578947368421049,-0.9473684210526301,0.9078947368421056,0.6315789473684209,21.052631578947363,H
2019-04-13,Fulham,Everton,2018-19,0.25,-0.513157894736842,2.092105263157894,-3.631578947368423,0.19736842105263186,-1.1052631578947363,1.3026315789473686,-0.9342105263157894,0.8157894736842106,0.5394736842105261,19.73684210526315,H
2019-04-13,Man United,West Ham,2018-19,0.736842105263158,-1.7368421052631582,5.947368421052632,-8.368421052631579,1.263157894736842,-2.6315789473684204,2.5789473684210527,-2.894736842105263,2.4736842105263164,1.6842105263157892,63.1578947368421,H
2019-04-13,Southampton,Wolves,2018-19,0.2236842105263157,-0.368421052631579,4.328947368421053,-4.026315789473685,0.8552631578947363,-1.1973684210526314,2.789473684210525,-2.052631578947368,0.6447368421052634,0.26315789473684215,5.263157894736841,H
2019-04-13,Tottenham,Huddersfield,2018-19,1.4736842105263157,-0.8947368421052633,10.526315789473683,-4.421052631578949,3.368421052631579,-1.3684210526315792,4.2105263157894735,-2.8947368421052633,2.3684210526315788,1.5263157894736845,52.63157894736842,H
2019-04-14,Crystal Palace,Man City,2018-19,-0.8421052631578945,0.7368421052631576,-2.631578947368423,3.8947368421052637,-1.0,1.7894736842105265,-2.2105263157894735,2.1052631578947367,-1.5789473684210524,-1.263157894736842,-47.368421052631575,A
2019-04-14,Liverpool,Chelsea,2018-19,0.6842105263157894,-0.6315789473684211,5.736842105263159,-4.7894736842105265,2.473684210526316,-1.6842105263157887,2.7368421052631575,-1.4210526315789473,1.3157894736842106,0.5263157894736841,10.526315789473685,H
2019-04-15,Watford,Arsenal,2018-19,0.36842105263157876,0.0,-0.7368421052631557,-1.5263157894736832,-0.8947368421052633,0.10526315789473717,0.1578947368421053,0.3157894736842106,0.3684210526315791,0.5789473684210524,15.789473684210524,A
2019-04-16,Brighton,Cardiff,2018-19,0.4342105263157894,-0.42105263157894735,2.4868421052631593,-2.973684210526317,0.5394736842105261,-0.5131578947368425,0.9473684210526305,-1.5789473684210522,0.9078947368421055,0.7894736842105262,21.052631578947363,A
2019-04-20,Bournemouth,Fulham,2018-19,0.5394736842105263,-0.1578947368421051,5.118421052631579,-2.2894736842105257,1.1184210526315788,-0.6184210526315788,2.263157894736841,-2.3157894736842097,0.7500000000000004,0.6315789473684209,21.052631578947363,A
2019-04-20,Huddersfield,Watford,2018-19,-0.052631578947368474,-0.42105263157894735,0.1578947368421062,-0.9473684210526319,-0.36842105263157787,-0.10526315789473717,0.7368421052631575,-1.2105263157894735,0.3684210526315789,0.4736842105263158,10.526315789473685,A
2019-04-20,Man City,Tottenham,2018-19,1.4210526315789476,-0.3157894736842105,4.1052631578947345,-4.105263157894737,2.8421052631578947,-1.263157894736842,1.8421052631578938,-2.2105263157894735,1.736842105263158,0.8421052631578945,31.578947368421048,H
2019-04-20,Newcastle,Southampton,2018-19,0.21052631578947378,-0.6842105263157897,1.3157894736842088,-2.7368421052631575,0.1578947368421053,-1.6315789473684204,-1.0,-0.8947368421052628,0.8947368421052632,0.5789473684210527,26.315789473684205,H
2019-04-20,West Ham,Leicester,2018-19,-0.368421052631579,-0.631578947368421,0.8421052631578938,-2.526315789473685,-0.4736842105263164,-1.2631578947368416,0.10526315789473539,-2.578947368421052,0.2631578947368421,0.36842105263157876,10.526315789473681,D
2019-04-20,Wolves,Brighton,2018-19,0.5657894736842105,-0.14473684210526327,2.3552631578947363,-4.210526315789476,0.986842105263158,-0.6842105263157894,1.0921052631578942,-1.8289473684210522,0.7631578947368423,0.7499999999999998,24.999999999999993,D
2019-04-21,Arsenal,Crystal Palace,2018-19,2.0,-0.42105263157894735,7.105263157894738,-3.7368421052631593,4.578947368421051,-1.315789473684211,1.4210526315789478,-1.0,2.4210526315789473,1.5263157894736838,57.89473684210526,A
2019-04-21,Cardiff,Liverpool,2018-19,-0.9605263157894739,-0.09210526315789469,-3.697368421052632,3.5789473684210513,-1.6973684210526314,0.7894736842105265,-0.11842105263157876,1.6447368421052637,-0.8157894736842106,-0.35526315789473695,-11.842105263157897,A
2019-04-21,Everton,Man United,2018-19,-0.10526315789473717,0.1578947368421053,-2.5789473684210513,-1.0,-1.473684210526316,0.0,-1.1578947368421053,-0.05263157894736903,-0.26315789473684226,0.0,0.0,H
2019-04-22,Chelsea,Burnley,2018-19,0.5263157894736845,-0.3157894736842106,9.684210526315793,-6.894736842105262,3.736842105263158,-1.7368421052631584,3.9473684210526314,-3.1578947368421058,0.8421052631578949,0.4736842105263164,21.052631578947377,D
2019-04-23,Tottenham,Brighton,2018-19,1.5789473684210527,-0.6842105263157896,9.842105263157894,-7.421052631578949,3.8421052631578947,-1.6842105263157898,3.684210526315789,-3.1052631578947367,2.263157894736842,1.6842105263157898,57.89473684210526,H
2019-04-23,Watford,Southampton,2018-19,0.526315789473684,0.05263157894736814,1.9473684210526319,-3.2105263157894743,0.10526315789473628,-0.7894736842105257,-0.3157894736842106,-1.0526315789473681,0.47368421052631593,0.5263157894736841,21.052631578947363,D
2019-04-24,Man United,Man City,2018-19,-0.36842105263157876,-0.21052631578947378,-2.2105263157894743,2.3157894736842106,-0.8947368421052646,0.9473684210526319,-1.526315789473684,1.0000000000000004,-0.1578947368421051,-0.1578947368421053,-5.263157894736835,A
2019-04-24,Wolves,Arsenal,2018-19,0.03947368421052633,-0.25,-2.0657894736842106,-0.3157894736842106,-1.1184210526315783,0.10526315789473717,0.03947368421052655,0.4868421052631584,0.34210526315789486,0.48684210526315774,14.473684210526311,H
2019-04-26,Liverpool,Huddersfield,2018-19,1.7368421052631577,-1.210526315789474,10.842105263157896,-7.210526315789475,4.157894736842106,-2.6842105263157894,3.7368421052631575,-3.368421052631579,2.947368421052632,1.526315789473684,47.368421052631575,H
2019-04-27,Brighton,Newcastle,2018-19,0.3157894736842104,-0.26315789473684226,-0.4210526315789469,-0.9473684210526319,-0.42105263157894735,-0.2631578947368425,0.31578947368420973,-1.5789473684210522,0.5789473684210527,0.6842105263157894,15.789473684210524,D
2019-04-27,Crystal Palace,Everton,2018-19,0.6842105263157896,-0.47368421052631593,5.052631578947368,-5.0,1.5263157894736854,-1.1052631578947363,1.8421052631578951,-0.8947368421052637,1.1578947368421053,0.5789473684210524,21.052631578947363,D
2019-04-27,Fulham,Cardiff,2018-19,0.26315789473684204,-0.35526315789473695,2.1578947368421044,-3.55263157894737,0.26315789473684204,-0.8289473684210522,1.1447368421052624,-1.723684210526315,0.7236842105263162,0.5921052631578946,19.73684210526315,H
2019-04-27,Southampton,Bournemouth,2018-19,0.05263157894736836,-0.26315789473684204,2.7368421052631593,-3.7368421052631593,0.05263157894736814,-0.9473684210526314,1.1578947368421044,-2.052631578947368,0.3157894736842104,0.05263157894736836,0.0,D
2019-04-27,Tottenham,West Ham,2018-19,0.8421052631578947,-1.3684210526315792,10.052631578947366,-8.631578947368421,2.68421052631579,-2.789473684210526,3.9473684210526314,-3.1052631578947367,2.210526315789474,1.4736842105263162,52.63157894736842,A
2019-04-27,Watford,Wolves,2018-19,0.5921052631578945,-0.10526315789473695,3.4868421052631593,-4.7631578947368425,0.4868421052631571,-0.8289473684210522,1.2631578947368411,-1.8947368421052628,0.7500000000000004,0.6842105263157893,21.052631578947363,A
2019-04-28,Burnley,Man City,2018-19,-1.526315789473684,0.21052631578947367,-5.789473684210527,6.894736842105264,-2.3157894736842115,1.7368421052631575,-2.7368421052631575,2.842105263157896,-1.7368421052631577,-1.263157894736842,-47.368421052631575,A
2019-04-28,Leicester,Arsenal,2018-19,0.26315789473684226,-0.4736842105263157,-1.2105263157894726,-1.1578947368421026,-0.6315789473684204,-0.5263157894736845,1.0,0.1578947368421053,0.736842105263158,0.5789473684210524,15.789473684210524,H
2019-04-28,Man United,Chelsea,2018-19,0.3157894736842106,-0.6842105263157896,1.3157894736842124,-1.7368421052631575,0.2631578947368416,-0.210526315789473,1.8421052631578947,-0.7368421052631575,1.0000000000000002,0.7368421052631575,26.315789473684212,D
2019-05-03,Everton,Burnley,2018-19,0.42105263157894735,0.0,0.8947368421052637,-3.052631578947368,-0.052631578947368585,-0.1578947368421053,0.42105263157894735,-1.6315789473684212,0.4210526315789473,0.3157894736842106,15.789473684210527,H
2019-05-04,Bournemouth,Tottenham,2018-19,-0.42105263157894735,0.5263157894736845,-0.10526315789473628,3.7894736842105274,-0.7894736842105265,1.1052631578947372,0.6315789473684204,-0.2631578947368416,-0.9473684210526315,-0.42105263157894757,-15.789473684210527,H
2019-05-04,Cardiff,Crystal Palace,2018-19,0.25,-0.09210526315789469,0.14473684210526194,-1.2631578947368443,0.3026315789473686,-0.7368421052631575,-0.5921052631578947,-0.9342105263157894,0.3947368421052632,0.3815789473684208,14.473684210526311,A
2019-05-04,Newcastle,Liverpool,2018-19,-0.9473684210526316,-0.5789473684210525,-3.0,2.8421052631578956,-1.4210526315789473,-0.05263157894736814,-0.6842105263157894,1.6315789473684212,-0.3684210526315792,-0.21052631578947367,-5.2631578947368425,A
2019-05-04,West Ham,Southampton,2018-19,0.36842105263157887,-0.2105263157894739,0.6315789473684195,-2.3157894736842106,-0.2105263157894739,-1.1052631578947363,-0.47368421052631593,-1.7894736842105257,0.5789473684210525,0.5263157894736841,21.052631578947363,H
2019-05-04,Wolves,Fulham,2018-19,0.26315789473684204,-0.35526315789473695,2.1578947368421044,-3.55263157894737,0.26315789473684204,-0.8289473684210522,1.1447368421052624,-1.723684210526315,0.7236842105263162,0.5921052631578946,19.73684210526315,H
2019-05-05,Arsenal,Brighton,2018-19,2.3157894736842106,-0.47368421052631593,9.315789473684212,-6.684210526315791,5.263157894736841,-1.263157894736843,3.1052631578947367,-1.8947368421052628,2.7894736842105265,1.8947368421052628,68.42105263157895,D
2019-05-05,Chelsea,Watford,2018-19,0.6842105263157897,-0.8947368421052633,8.000000000000004,-1.894736842105262,3.68421052631579,-1.473684210526316,3.1578947368421053,-1.8947368421052633,1.5789473684210527,1.2105263157894743,36.842105263157904,H
2019-05-05,Huddersfield,Man United,2018-19,-0.7368421052631582,0.3157894736842106,-1.6315789473684195,-3.8947368421052637,-1.736842105263157,-0.21052631578947434,-0.05263157894736903,-0.8947368421052637,-1.0526315789473686,-0.5789473684210527,-21.052631578947366,D
2019-05-06,Man City,Leicester,2018-19,1.5789473684210529,-1.263157894736842,7.9999999999999964,-8.842105263157897,4.105263157894736,-3.1052631578947367,2.473684210526314,-4.2105263157894735,2.8421052631578947,1.5789473684210524,57.89473684210526,H
2019-05-12,Brighton,Man City,2018-19,-1.1052631578947367,0.6315789473684211,-5.2631578947368425,5.842105263157894,-2.0526315789473695,2.1052631578947363,-2.947368421052632,2.210526315789474,-1.736842105263158,-1.1052631578947367,-47.368421052631575,A
2019-05-12,Burnley,Arsenal,2018-19,-0.21052631578947367,-0.7368421052631579,-2.2631578947368407,1.3157894736842124,-1.1052631578947363,0.05263157894736814,0.05263157894736903,1.2631578947368434,0.5263157894736843,0.5263157894736841,15.789473684210524,A
2019-05-12,Crystal Palace,Bournemouth,2018-19,0.5263157894736843,-0.2105263157894739,3.526315789473685,-4.631578947368421,0.7894736842105274,-0.5789473684210522,0.05263157894736814,-1.6842105263157894,0.736842105263158,0.4210526315789471,15.789473684210524,H
2019-05-12,Fulham,Newcastle,2018-19,0.14473684210526305,-0.19736842105263186,-0.7500000000000018,-1.526315789473685,-0.6973684210526314,-0.5789473684210522,0.5131578947368416,-1.723684210526315,0.39473684210526333,0.48684210526315774,14.473684210526311,A
2019-05-12,Leicester,Chelsea,2018-19,-0.36842105263157876,0.0,-1.2105263157894726,0.36842105263158054,-0.6842105263157894,0.0,1.5789473684210522,0.0,-0.36842105263157876,-0.31578947368421084,-15.789473684210527,D
2019-05-12,Liverpool,Wolves,2018-19,1.539473684210526,-1.210526315789474,9.960526315789474,-9.55263157894737,3.9078947368421053,-3.144736842105263,3.263157894736841,-3.4736842105263155,2.8026315789473686,1.526315789473684,47.368421052631575,H
2019-05-12,Man United,Cardiff,2018-19,1.1710526315789473,-1.2631578947368423,5.539473684210527,-6.5,1.697368421052631,-1.671052631578947,2.3684210526315783,-2.7894736842105257,2.4868421052631584,1.7368421052631575,63.1578947368421,A
2019-05-12,Southampton,Huddersfield,2018-19,0.42105263157894735,-0.368421052631579,5.210526315789474,-1.6842105263157912,1.1052631578947367,-0.736842105263158,3.2631578947368416,-1.9473684210526319,0.7894736842105263,0.26315789473684215,5.263157894736841,D
2019-05-12,Tottenham,Everton,2018-19,1.263157894736842,-1.0526315789473684,9.578947368421051,-6.842105263157896,3.0526315789473686,-2.1052631578947367,3.8947368421052633,-2.210526315789474,2.3157894736842106,1.4736842105263162,52.63157894736842,D
2019-05-12,Watford,West Ham,2018-19,0.1578947368421051,-0.5789473684210529,3.8947368421052637,-6.631578947368421,0.05263157894736814,-1.7894736842105257,1.4736842105263155,-2.0,0.7368421052631584,0.6315789473684208,21.052631578947363,A
